filename,dermatitis,flea_allergy,ringworm,scabies
flea_allergy-44-_jpg.rf.c2b9b415f5db66e121e4a28a8d3db1bd.jpg, 0, 1, 0, 0
Poodle-hotspot-care-000108_png_jpg.rf.bfc2916ff9892187288c78254f7d805c.jpg, 0, 1, 0, 0
1000010569_x4_jpg.rf.bf619c2e9e63e00f2e000609573a51f8.jpg, 0, 1, 0, 0
flea_allergy-40-_jpg.rf.bf368a1e9f0f8ec2a5f06431c0c27747.jpg, 0, 1, 0, 0
Image_16_jpeg.rf.bfbe285e1be7ed73985e0245ef77922e.jpg, 1, 0, 0, 0
Image_20-3-_jpg.rf.bfa5e0a82065193523b1566a1bc14d42.jpg, 1, 0, 0, 0
Image_29-2-_jpg.rf.bf10d2114b1188f3d9c7d30340d3e0a1.jpg, 1, 0, 0, 0
aug_0_9510_jpeg.rf.bece747607279af57bcc92031e09f9ce.jpg, 1, 0, 0, 0
1000010764_x16_jpg.rf.bf1153c5792390ffa67f2b65a37b5542.jpg, 0, 0, 0, 1
OIP-11-_x4_jpg.rf.bdaa2600bea8216a84f610094afa3476.jpg, 1, 0, 0, 1
OIP-22-_x4_jpg.rf.c39daf177b74c4398e665ba2c6a66786.jpg, 1, 0, 0, 0
Image_2-2-_jpg.rf.c3c1ae61cb3188e8607ce964829241c4.jpg, 1, 0, 0, 0
aug_0_4967_jpeg.rf.bea1209d8e3cfa6d1f3d7e8300625013.jpg, 1, 0, 0, 0
aug_0_1475_jpeg.rf.c30d397d9b0f805821acc05b8776791c.jpg, 0, 0, 1, 0
1000010510_x4_jpg.rf.c45cfb7d1409e54b5d230d566c90d36c.jpg, 0, 1, 0, 0
mange-20-_jpg.rf.c1727a38a4f5ed82b7636fa99219730a.jpg, 0, 0, 0, 1
aug_0_5504_jpeg.rf.c1f81ddcf7062a0c28a054f9a5b65ec9.jpg, 0, 0, 0, 1
Day-4-of-ringworm-treatment_00171_jpg.rf.c0f7dabed2b1a6c0901a5f63fb2c134a.jpg, 0, 0, 1, 0
hotspot-23-_jpg.rf.c0ad96260dbecc0e32c3bbddd3431cd5.jpg, 1, 0, 0, 0
1000011983_x4_jpg.rf.c275eacce93339aabfb5ffba33c47d65.jpg, 0, 0, 1, 1
aug_0_8577_jpeg.rf.c350dfb9a238a2b054101116c3b4b205.jpg, 0, 0, 1, 0
1000010696_x4_jpg.rf.c4c280b0cf2f285a8d86a6130b3e4b98.jpg, 0, 0, 1, 1
hot-spots-suck_00049_jpg.rf.c11e0f1c932c77c060fa646a23435f34.jpg, 1, 0, 0, 0
aug_0_3390_jpeg.rf.c45e3a2d1bc25b7b4f19e12555eef468.jpg, 1, 0, 0, 0
Image_32-2-_jpg.rf.c4c96f3223db36c9436725499b62a596.jpg, 1, 0, 0, 0
Image_17-2-_jpg.rf.c6d02fa2ebc2f8318947d8c69ad18517.jpg, 0, 0, 1, 0
aug_0_2896_jpeg.rf.c5e06b4956e0aa65a214a204e530584e.jpg, 1, 0, 0, 0
Image_6_png.rf.c5c3aa7452e0058dc46d255b616dd396.jpg, 0, 1, 0, 0
2a_jpg.rf.c077b91767ade858df567affcbcbae3f.jpg, 0, 0, 1, 0
Image_75-2-_jpeg.rf.c7dfc3e0669554d37f6cc81703a51eaa.jpg, 1, 0, 0, 0
Image_33_jpg.rf.c506ac0d674e5a8316547f8f4ffc3b71.jpg, 1, 0, 0, 0
mange-13-_jpg.rf.c50e53a4085400aedd5002740475d471.jpg, 0, 0, 0, 1
Image_14-2-_jpg.rf.c6fb6570daa4dcd42e094580803ab487.jpg, 1, 0, 0, 0
mange-27-_jpg.rf.c7d53695004e0ee7e1463eb722c3edde.jpg, 0, 0, 0, 1
aug_0_3063_jpeg.rf.ca6ffdc0fc13211f8478ee1fa0553f31.jpg, 0, 0, 0, 1
flea_allergy-73-_jpg.rf.c852af46db3da94b9c89ed49ec7f6992.jpg, 0, 1, 0, 0
May-is-allergy-awareness-month-here-at-The-Shot-Spot_01654_jpg.rf.c5eb8e854d9de21ed9b717cf21c1c577.jpg, 1, 0, 0, 0
hot-spots-suck_00322_jpg.rf.c86b8ea5f57d192869aedc915d5efd78.jpg, 1, 0, 0, 0
flea_allergy-62-_jpg.rf.c5c2f8898a15783d3806807b5c46807d.jpg, 0, 1, 0, 0
flea_allergy-91-_jpg.rf.c52d18211ab0e30b5e8d92df4015e947.jpg, 0, 1, 0, 0
aug2_jpg.rf.c79618ff1d982ca35d448f9a7025ad46.jpg, 1, 0, 0, 0
1000010652_x16_jpg.rf.c95c09cd75484e41753300a18a8b842e.jpg, 1, 0, 0, 0
Image_37_jpg.rf.c98e55f6cf2ada72186c886c81dd9f59.jpg, 0, 1, 0, 0
flea_allergy-81-_jpg.rf.c56fc62c7bce77a3b48f67f6f7b28f84.jpg, 0, 1, 0, 0
aug_0_6721_jpeg.rf.ca7dd8fca4c9ef821d96725fb99d5da6.jpg, 0, 1, 0, 0
aug_0_5712_jpeg.rf.c902afe5b74527a68bf847acef3a8ef5.jpg, 1, 0, 0, 0
May-is-allergy-awareness-month-here-at-The-Shot-Spot_01873_jpg.rf.cbc3bab7ae528bdba558c6daa7b9dc20.jpg, 1, 0, 0, 0
Day-1-of-ringworm-treatment_00211_jpg.rf.c977b83a33df42da4274ecbb942bf3ae.jpg, 0, 0, 1, 0
OIP-16-_x16_jpg.rf.cb510ebf6f1379a904c53499f1373d43.jpg, 0, 0, 0, 1
BUTI-NA-LANG-AT-LAGI-AKONG-MAY-STOCK-AKO-NITONG-GAMOT-NA-ITO-000146_png_jpg.rf.cc10b9818e85ac020175ee74a8a303d6.jpg, 0, 0, 1, 0
hotspot-71-_jpg.rf.cc19a075cf5e54b34cd9e2d3f36fecdf.jpg, 1, 0, 0, 0
aug_0_2476_jpeg.rf.cbd083d0986d6d054592a06e3f1adee6.jpg, 1, 0, 0, 0
mange-1-_jpg.rf.cb6b42d915d16e38a37bf29858e034b8.jpg, 0, 0, 0, 1
1000010601_x4_jpg.rf.cbe058dd4f298546cdd1a3b4089d3973.jpg, 0, 1, 0, 0
hotspot-69-_jpg.rf.cbc76208f6d793d7e9297fb9e871dac5.jpg, 1, 0, 0, 0
1000011973_x4_jpg.rf.cc8a3f3888e2f07d671937c4b3947495.jpg, 1, 0, 0, 0
flea_allergy-80-_jpg.rf.cad7eaeea955ea82bc9425f03e7426ef.jpg, 0, 1, 0, 0
Image_21-4-_jpg.rf.d2765626e9db68502ccbbdf5aa1de3b3.jpg, 1, 0, 0, 0
hot-spots-suck_00091_jpg.rf.cd439eb27258b9121a340ecc20468c8c.jpg, 1, 0, 0, 0
hotspot-52-_jpg.rf.cd2f31d2eed3a0ca89938de5153feee7.jpg, 1, 0, 0, 0
aug_0_8060_jpeg.rf.cd1bf97e1ad222fed3d16efaebfd80fe.jpg, 1, 0, 0, 0
1000010733_x4_jpg.rf.cd18f98f22bab2124cacce87f69bfad7.jpg, 1, 0, 0, 0
17098133_1754326824882500_5988218486462016487_o_jpg.rf.ce3a1eb04f39c123d0e9e8017be17775.jpg, 0, 0, 0, 1
Image_76_jpg.rf.d3dec39f8e580ae6936590ad40926533.jpg, 1, 0, 0, 0
flea_allergy-67-_jpg.rf.cfee7d1b72d2a04300a0014f7f2b6798.jpg, 0, 1, 0, 0
hotspot-76-_jpg.rf.d338f4b7505c0ca5a6520da6955f5b33.jpg, 1, 0, 0, 0
aug_0_6445_jpeg.rf.d3b06296afce031a25d7005b3c7b6d44.jpg, 0, 0, 1, 0
Owners-usually-don-t-get-a-good-vote-of-just-how-big-hotspots_00045_jpg.rf.d276b568e2989a055741029125f74025.jpg, 0, 1, 0, 0
aug_0_8740_jpeg.rf.d16bfe9ac6184faf4b3d27b090e1292d.jpg, 0, 0, 1, 0
Image_68-2-_jpg.rf.d3eaa268968dcb597940831991dd3dd1.jpg, 0, 1, 0, 0
hotspot-20-_jpg.rf.d1f7a687686c4b629770ffc418bf64d5.jpg, 0, 1, 0, 0
Image_22-2-_jpg.rf.d018df6f1803f418d9282956b827ad28.jpg, 1, 0, 0, 0
1000010551_x16_jpg.rf.d32ad7b6597a6c11f80b171be5aa76e0.jpg, 1, 0, 0, 0
aug_0_5037_jpeg.rf.cfeeac705edeed4c643530da99070bfc.jpg, 0, 0, 1, 0
May-is-allergy-awareness-month-here-at-The-Shot-Spot_00688_jpg.rf.d28b94b2b122ca7f10db0cd9de05cccc.jpg, 1, 0, 0, 0
5d5641b96b930df01eb7df119e680c9fdb41f4e4_jpeg_jpg.rf.cf7b3f679a6a857abfbaaef2ba1569f9.jpg, 0, 1, 0, 0
Poodle-hotspot-care-000004_png_jpg.rf.d3ce934a7729591fb42c48e50975f71d.jpg, 0, 1, 0, 0
Image_43-3-_jpg.rf.d12f6564048dfa5e396d2b50a9c86c49.jpg, 0, 0, 0, 1
aug_0_8787_jpeg.rf.cd87af54029855849462363201cbf7b6.jpg, 1, 0, 0, 0
flea_allergy-46-_jpg.rf.d0d2cbf75a0f6015dadc4f2821500d15.jpg, 0, 0, 1, 0
Image_55-2-_jpg.rf.d239d348f6567600284cc98afbfa89c3.jpg, 1, 0, 0, 0
hot-spots-suck_00229_jpg.rf.d3f0ff80e737310ea1503a524c69c718.jpg, 1, 0, 0, 0
flea_allergy-12-_jpg.rf.d42a80832f90e4873888b35289166b32.jpg, 0, 0, 1, 0
1000010667_x16_jpg.rf.d402b12c48562684be70ab9352ed6b5d.jpg, 0, 0, 1, 0
mange-59-_jpg.rf.d436888af8b1eb7b7dda7ddb87a7867f.jpg, 0, 0, 0, 1
mange-26-_jpg.rf.d210674ca86fbfdd5453a3c62051b617.jpg, 0, 0, 0, 1
Image_53_jpg.rf.d43f89872a3ca20876ad7376e9d619cc.jpg, 0, 0, 1, 0
HOT-SPOT-IN-DOG-HOW-vet-treated-symptom-prevention_-flea-bite-moist-eczema_dog-itching-000150_png_jpg.rf.d5386ab3f1091991fbae7d42e68fa501.jpg, 1, 0, 0, 0
1000010580_x4_jpg.rf.d6d36a2d78cb67c8dc8286fee9e492b9.jpg, 1, 0, 0, 0
aug_0_2396_jpeg.rf.d5a95c1a6edf2601c87edfe5d4f34639.jpg, 0, 1, 0, 0
1000010646_x16_jpg.rf.d9158728468a155f16d007f848401110.jpg, 1, 0, 0, 0
1000010718_x16_jpg.rf.d926b0b659caa037bb194a4e88210e79.jpg, 0, 0, 0, 1
1000010614_x4_jpg.rf.d704b553b76d923c1f884a6448e5861f.jpg, 1, 0, 0, 0
aug_0_4112_jpeg.rf.d5f903e466999d9bc4e45ccf9f6e2944.jpg, 0, 0, 1, 0
Image_20-7-_jpg.rf.d9d01e9fe5b4db1622d10c763b4c42f1.jpg, 1, 0, 0, 0
1000010770_x4_jpg.rf.d6ac6f9681bafffc2fd3f496cadbb4b6.jpg, 1, 0, 0, 0
aug_0_5750_jpeg.rf.d798a552aafdf96e27e314bb2d9b6204.jpg, 0, 1, 0, 0
hotspot-63-_jpg.rf.d997c0899ab5a8abc99f8acccfd599ea.jpg, 1, 0, 0, 0
1000010693_x16_jpg.rf.d96e2313f3dc5c1b3801cdbba8a0f699.jpg, 1, 0, 0, 0
Image_3_png.rf.d8b4b5e079533d04bade474b0d385c5f.jpg, 1, 0, 0, 0
flea_allergy-24-_jpg.rf.da56458c365acef6baa629c984f5a399.jpg, 0, 1, 1, 0
Poodle-hotspot-care-000122_png_jpg.rf.dab9ab2149bc7b3abfdd9c7014adbafc.jpg, 0, 1, 0, 0
hotspot-109-_jpg.rf.d80c1bd65224053d08a94c1d9d1d3f3a.jpg, 1, 0, 0, 0
HOT-SPOT-IN-DOG-HOW-vet-treated-symptom-prevention_-flea-bite-moist-eczema_dog-itching-000359_png_jpg.rf.d716f3eb445ad6b2f48cfddc1406eec4.jpg, 1, 0, 0, 0
1000010715_x16_jpg.rf.d7b23c32c420c50c13485d73881f17fd.jpg, 1, 0, 0, 0
aug_0_780_jpeg.rf.d8a5db78870678701156effec46d5daa.jpg, 1, 0, 0, 0
Image_13_jpeg.rf.db011630d401d1ecded4e28c964a06f0.jpg, 1, 0, 0, 0
aug3_jpg.rf.da2933acdec9b2bde8d88aa58a6a9fb8.jpg, 1, 0, 0, 0
aug_0_8675_jpeg.rf.d8afc7a7ccc17b6a57d8797667344da8.jpg, 0, 1, 0, 0
hotspot-79-_jpg.rf.da88392c990be9bc8e10205fc37bf8a9.jpg, 1, 0, 0, 0
HOT-SPOT-IN-DOG-HOW-vet-treated-symptom-prevention_-flea-bite-moist-eczema_dog-itching-000357_png_jpg.rf.db43c83e36cc84e89bdfff4dcfeea899.jpg, 1, 0, 0, 0
mange-49-_jpg.rf.d4f26846650f0e32e325a5bdce6138e3.jpg, 0, 0, 0, 1
1000011952_x4_jpg.rf.da31436219dcc71b0581c0a9772c3aa3.jpg, 0, 0, 0, 1
Poodle-hotspot-care-000105_png_jpg.rf.dc384b24aca86e7c19142903b1babac7.jpg, 0, 1, 0, 0
1000010680_x16_jpg.rf.dba5dfa8b77ae3114df3086a296ef623.jpg, 1, 0, 0, 0
aug_0_3663_jpeg.rf.db8df82edda29d3074102f609a4d58de.jpg, 0, 1, 0, 0
May-is-allergy-awareness-month-here-at-The-Shot-Spot_00529_jpg.rf.df5feffa678d014fcbc7671c9e1526a6.jpg, 1, 0, 0, 0
aug_0_6643_jpeg.rf.dd6d24cb437a497f385fab784cc14280.jpg, 0, 0, 1, 0
1000010621_x4_jpg.rf.dca3dfdf234a3c5a95c96922fd8901be.jpg, 0, 0, 0, 1
Hot-Spot-on-_Chance_-How-to-treat-a-dog-that-you-can_t-touch_-000626_png_jpg.rf.dd69e38a61d021b0a7578df3a77fab73.jpg, 1, 0, 0, 0
54_jpg.rf.deeff2c8fa49ed242ad786d6f5d1b632.jpg, 0, 0, 1, 1
Image_51_jpeg.rf.dfa7d51814df82a2d9104996034b12fd.jpg, 1, 0, 0, 0
1000010757_x16_jpg.rf.de7416815da6829d9fcc290e5005c330.jpg, 0, 1, 0, 0
Poodle-hotspot-care-000125_png_jpg.rf.de33f37c4e76fbe7db433e5dca22ab11.jpg, 0, 1, 0, 0
hotspot-73-_jpg.rf.dfda8f8c51b72600337ec6d804062b02.jpg, 1, 0, 0, 0
1000010525_x16_jpg.rf.df4237338d48228a0476c74a89a540ff.jpg, 0, 1, 0, 0
1000010575_x16_jpg.rf.e02fbf7befce41441b57505ecf754f5b.jpg, 1, 0, 0, 0
aug_0_7762_jpeg.rf.e05f80edebc30be4126e3aa6fc8413ad.jpg, 0, 1, 0, 0
9-Bulla-Q9-jpg_jpg.rf.de4839b5fc391ff2fbf485f88cae1b6d.jpg, 0, 0, 0, 1
red-dog-rash-under-front-legs-on-groin-is-getting-worse-21762877_x4_jpg.rf.de916f5b508643735a5adad89fadd89d.jpg, 0, 0, 0, 1
37y_png_jpg.rf.ddb2af89c6842263ad5481b74db3977f.jpg, 0, 0, 1, 0
Image_3-4-_jpg.rf.dcbd99b532c6417bf75bc98a23a71232.jpg, 1, 0, 0, 0
aug_0_8577_jpeg.rf.dc6b8095c91c5e72348f0156b55f9db9.jpg, 0, 1, 0, 0
Image_5-3-_jpg.rf.df167e9f5ca7f7a75580e0e324a7b06c.jpg, 1, 0, 0, 0
53_jpg.rf.db6c576e1b21e1b1ab03b288cd924ac0.jpg, 1, 0, 0, 0
Image_28_jpg.rf.dd52e74580fcf5aeac8e921864dd3b67.jpg, 0, 1, 0, 0
Image_36-3-_jpg.rf.dfeb906bfd8cdbf25613215f6a2d5019.jpg, 1, 0, 0, 0
HOT-SPOT-IN-DOG-HOW-vet-treated-symptom-prevention_-flea-bite-moist-eczema_dog-itching-000476_png_jpg.rf.dd93081bdd8365b5d240a1c9e180b452.jpg, 1, 0, 0, 0
1000010593_x4_jpg.rf.e0a77977449fd0ec6718ba03d03a25d4.jpg, 0, 1, 0, 0
6a6ac96f0e9d7d1d4fbbd07f1b4da7fa_jpg.rf.e0ce15edd782fa95243ab3618d20ba02.jpg, 0, 0, 0, 1
Atopic-dermatitis_Red-skin-dog-abdomen_DermVets_jpg.rf.e06141b40f90da689810add034603ee0.jpg, 0, 1, 0, 0
1000010678_x16_jpg.rf.e08c3cdbcb3b113994d88e5622fa1ea7.jpg, 0, 0, 0, 1
flea_allergy-59-_jpg.rf.e195e1d4e2b45b863c7ec797fd3417bf.jpg, 0, 1, 0, 0
aug_0_4818_jpeg.rf.e0e925ce84f2836935e220817f03debd.jpg, 0, 0, 1, 0
1000010560_x16_jpg.rf.e238d8547b730dafd1d05f6d367b524f.jpg, 0, 0, 0, 1
44w_png_jpg.rf.e1913318562cd566a6e5c143828b727a.jpg, 0, 0, 1, 0
Image_3-2-_jpg.rf.e0b7c346d0b3ec249b7379a095c9f406.jpg, 0, 1, 0, 0
1000010535_x16_jpg.rf.e0c9f6890d25bae2bd31e0e72cb4d80f.jpg, 0, 1, 0, 0
1000010782_x16_jpg.rf.e15c8e86b1f814e1e0b61ba6a6c2ed51.jpg, 0, 0, 0, 1
Image_51_jpg.rf.e49e9991ada1e2c18c21ef0ab57193b4.jpg, 0, 0, 1, 0
Image_56-2-_JPG.rf.e4db5fb16b18f7818261f4abd705ec32.jpg, 1, 0, 0, 0
aug_0_6974_jpeg.rf.e5aeb1a8aa60cfb54c40703f3d44389e.jpg, 0, 1, 0, 0
aug_0_8033_jpeg.rf.e5e80234d74929e8771e7db3420965a3.jpg, 1, 0, 0, 0
Image_60_jpg.rf.e3ed4a41d9aa2b59dadfa094558fcb84.jpg, 0, 1, 0, 0
aug_0_6695_jpeg.rf.e60d025120f79021582a5ae7ae57ccc7.jpg, 0, 1, 0, 0
flea_allergy-57-_jpg.rf.e64193b12708b9d58cb10d0ea6f2eb76.jpg, 0, 1, 0, 0
Reply-to-don-t-let-your-dog-suffer-in-silence_00005_jpg.rf.e6b62072caba86a13a5574ffde378fd0.jpg, 1, 0, 0, 0
mange-18-_jpg.rf.e4d799738e4ac4b20c43ae4fe36040ab.jpg, 0, 0, 0, 1
Image_11-3-_jpg.rf.e56614a7dc9145c05472418fa34b4496.jpg, 0, 1, 0, 0
Image_58_jpg.rf.e6cb1577b58c4d6bf1522347b59e1790.jpg, 0, 1, 0, 0
aug_0_9328_jpeg.rf.e2c816b48b5d02dab0553d01278a97b5.jpg, 1, 0, 0, 0
aug_0_3832_jpeg.rf.e5c39af271d21ee6f4d89e2b63c44296.jpg, 0, 1, 0, 0
Poodle-hotspot-care-000005_png_jpg.rf.e5c6d0b18fa44de8669992262ba0480d.jpg, 0, 1, 0, 0
hotspot-60-_jpg.rf.e598e8fce9016f09a4e426e0adbce0f0.jpg, 1, 0, 0, 0
4_PNG_jpg.rf.e437f080dece8adbe841269e905d5080.jpg, 0, 0, 1, 0
May-is-allergy-awareness-month-here-at-The-Shot-Spot_01561_jpg.rf.e4eece29aa7f413fdb28353d5848e831.jpg, 1, 0, 0, 0
Image_54_jpg.rf.e81bc9bba984d346071b4603659d9507.jpg, 0, 0, 1, 0
69869142_2813720881974689_7556977064478244864_n_jpg.rf.e40db8935ef20d29bc92cbe187dc8977.jpg, 0, 0, 1, 0
Hot-Spot-on-_Chance_-How-to-treat-a-dog-that-you-can_t-touch_-000617_png_jpg.rf.e81fe5ffd639e35f0614156c12ac28a7.jpg, 1, 0, 0, 0
1000010554_x16_jpg.rf.e90aa81a918212ec23a9b1595de4e211.jpg, 0, 1, 0, 0
hotspot-90-_jpg.rf.e5b8023084fe6d9bbcf979997d9cbd4a.jpg, 1, 0, 0, 0
HOT-SPOT-IN-DOG-HOW-vet-treated-symptom-prevention_-flea-bite-moist-eczema_dog-itching-000495_png_jpg.rf.e30c595f0f17d5afc4cbf99dea61d831.jpg, 1, 0, 0, 0
aug_0_4406_jpeg.rf.e473d550a3e4cc18301b22db3288d5a8.jpg, 1, 0, 0, 0
Image_12-2-_jpg.rf.e7800651e1b5f78c6c92bab9fe1d01ef.jpg, 0, 0, 1, 0
aug_0_1466_jpeg.rf.e6ccc1aa97e7823985267c7dfb7b5673.jpg, 1, 0, 0, 0
hot-spots-suck_00331_jpg.rf.e6dde0620819667ab8ce66ebb1aeca8a.jpg, 1, 0, 0, 0
Owners-usually-don-t-get-a-good-vote-of-just-how-big-hotspots_00365_jpg.rf.e9b5ed7e5f63e6baa0ffc3de75908def.jpg, 1, 0, 0, 0
1000010633_x16_jpg.rf.ea8f6b2ccbb8649792971d936eea737b.jpg, 0, 0, 0, 1
1000010626_x4_jpg.rf.ea77dd9ae20ebefc31ac957f3dd8eafb.jpg, 1, 0, 0, 0
38t_png_jpg.rf.e8fcc9ebae248b4c0b1bf7a93c3b110a.jpg, 0, 0, 1, 0
aug_0_1331_jpeg.rf.ea4fb463106cd426433555eefc753f98.jpg, 1, 0, 0, 0
OIP-8-_x16_jpg.rf.ead824a71eb6223fa603232ea0227fed.jpg, 1, 0, 0, 0
1000010763_x16_jpg.rf.e9ccc5a10c9f3a9ca69af8c104ea2810.jpg, 0, 0, 0, 1
May-is-allergy-awareness-month-here-at-The-Shot-Spot_01870_jpg.rf.e7972bce27f6995ef8bf1b0a14837531.jpg, 1, 0, 0, 0
Image_16-3-_jpg.rf.eabb0b5a1efe5d936ac5cee072d99ac9.jpg, 0, 0, 0, 1
Cutaneous-skin-lesion-over-the-carpus-in-dog-case-no-1-infected-with-Leishmania-major_jpg.rf.ec0aeef9d352468f2e754b0bd073a949.jpg, 0, 1, 0, 0
aug_0_234_jpeg.rf.eb6f864e123cd7ce8c14effd79125002.jpg, 0, 1, 0, 0
mange-15-_jpg.rf.eb3b0f2dddba395e56c786778db93483.jpg, 0, 0, 0, 1
HOT-SPOT-IN-DOG-HOW-vet-treated-symptom-prevention_-flea-bite-moist-eczema_dog-itching-000504_png_jpg.rf.ed3e3a7ca5dce458b87a789039d5c368.jpg, 1, 0, 0, 0
Image_19-2-_jpg.rf.eb76b9e80e1683928058e1ae558c5f7d.jpg, 1, 0, 0, 0
aug_0_2683_jpeg.rf.ec0c321027eab65d704bef3bc61077a9.jpg, 0, 1, 0, 0
May-is-allergy-awareness-month-here-at-The-Shot-Spot_01447_jpg.rf.ebf06c5b26f17b91c77aeaf56f389095.jpg, 1, 0, 0, 0
aug_0_6545_jpeg.rf.ecd87dba9f1e395fa31111302f3a87a5.jpg, 0, 1, 0, 0
aug_0_1699_jpeg.rf.ed8736abeaddf845a68a02fbad222b7f.jpg, 0, 0, 0, 1
May-is-allergy-awareness-month-here-at-The-Shot-Spot_02803_jpg.rf.eccb16ef92f7df8cc837fd041a589d0c.jpg, 1, 0, 0, 0
aug_0_2835_jpeg.rf.ed76a5bbaf438d7498f36f9bebd8f97c.jpg, 0, 1, 0, 0
aug_0_5453_jpeg.rf.ef14836b9c32c46fb5621d298015a1b9.jpg, 0, 1, 0, 0
hot-spots-suck_00064_jpg.rf.ee4de146d0bfd4deeebaa2bca50aad89.jpg, 1, 0, 0, 0
aug_0_3553_jpeg.rf.ed749f5ff7d4a9be4fed2cf6a7d00c88.jpg, 1, 0, 0, 0
aug_0_6149_jpeg.rf.ebc513e5572c5d0b082db0ecfdfe6f06.jpg, 0, 0, 0, 1
Owners-usually-don-t-get-a-good-vote-of-just-how-big-hotspots_00033_jpg.rf.ef251192fd9248800cc64ae39619df5e.jpg, 0, 1, 0, 0
Image_59_jpg.rf.ee2c928bfd313a0a435b102d6485c097.jpg, 0, 0, 1, 0
hotspot-87-_jpg.rf.ef8be568249cb4e337a91a12d783ca9a.jpg, 1, 0, 0, 0
4a_png_jpg.rf.ed72c7b2098b47a4e7584efbb36985fe.jpg, 0, 0, 1, 0
mange-22-_jpg.rf.f0be476eba8d83ad61795137340e9264.jpg, 0, 0, 0, 1
I-thought-this-was-an-Ingrown-hair-in-my-dogs-toe-grass-seed-removal-000004_png_jpg.rf.eede238f8ebbd397fd411ea9a26bad46.jpg, 0, 1, 0, 0
mange-21-_jpg.rf.eb074d8d5f8e2435a212cd0da7c7ce1a.jpg, 0, 0, 0, 1
2u_jpg.rf.ee6709885666ca52d9bd3d15b7b5022a.jpg, 0, 0, 1, 0
hotspot-34-_jpg.rf.ede2e23ff6ad858f12f2004652935edf.jpg, 1, 0, 0, 0
aug_0_9791_jpeg.rf.ee748d0dc5134948315e23cf29519efa.jpg, 1, 0, 0, 0
Day-4-of-ringworm-treatment_00261_jpg.rf.ecbf32fdc22e97df93594d5a0e698490.jpg, 0, 0, 1, 0
flea_allergy-53-_jpg.rf.f218bb8ad922d7240800b7d55048155f.jpg, 0, 1, 0, 0
hotspot-80-_jpg.rf.ee96e9f7fde6d6a6620e59414348c205.jpg, 1, 0, 0, 0
1000010498_x16_jpg.rf.f1798f10a71dcba42d7343af506c3ca8.jpg, 0, 0, 1, 0
340947808_546167834308890_7592465449990658927_n_jpg.rf.ef912c463ad8ea6b738292ca2dc8995c.jpg, 0, 1, 0, 0
CalmDog1_jpg.rf.f0af6553d83a087a556995198b15cd48.jpg, 0, 0, 0, 1
Image_49_jpeg.rf.f07bd9e0a13b1aaddd43cbdb5de53f6c.jpg, 1, 0, 0, 0
1000010624_x4_jpg.rf.f0cea1a7c0256706bf3395ddf65cca0e.jpg, 0, 0, 0, 1
May-is-allergy-awareness-month-here-at-The-Shot-Spot_00064_jpg.rf.f1988f5614c346416bb2005919171f71.jpg, 1, 0, 0, 0
aug_0_1107_jpeg.rf.f234f693e30e5dd951518ae792886bf8.jpg, 1, 0, 0, 0
aug_0_3637_jpeg.rf.f2d0fab87806a3f597f90d6286579d74.jpg, 0, 1, 0, 0
image_83_jpg.rf.f1f7dab35bac6ec29c331bae545a53c4.jpg, 0, 0, 1, 0
Image_14_jpg.rf.f321ce9c816b41249ccbd6910711e14f.jpg, 0, 0, 1, 0
1000010771_x16_jpg.rf.f3568ec4428dd1986b060012089177ba.jpg, 0, 1, 0, 0
Poodle-hotspot-care-000120_png_jpg.rf.f28c04def0988604a072d017fb0e8e24.jpg, 0, 1, 0, 0
Image_80_jpg.rf.f418a1afc55b35b54aa80db1452ee7b8.jpg, 0, 0, 1, 0
Image_13-3-_JPG.rf.f4e7cc5540f9f6d96a20d9432e514cc5.jpg, 1, 0, 0, 0
I-thought-this-was-an-Ingrown-hair-in-my-dogs-toe-grass-seed-removal-000002_png_jpg.rf.f23e221f60b7ffef56292dcb931e99d8.jpg, 0, 1, 0, 0
1000010494_x16_jpg.rf.f39f9233eb1bf91a94099146d12bb4bb.jpg, 1, 0, 0, 0
aug_0_2039_jpeg.rf.f288f7ccc8d2eb307dff7cf28fb66a7a.jpg, 0, 1, 0, 0
1000010701_x16_jpg.rf.f28f81acc21373174814b6bbbb16774d.jpg, 1, 0, 0, 0
aug_0_9883_jpeg.rf.f3153e1defec58245097cbedb013db3b.jpg, 0, 1, 0, 0
aug_0_3254_jpeg.rf.f2785c72e313c311ce0add146ce6bd8d.jpg, 0, 1, 0, 0
aug_0_123_jpeg.rf.f3a871e35041dddcdd6fdec5bb22bb0f.jpg, 0, 0, 0, 1
May-is-allergy-awareness-month-here-at-The-Shot-Spot_00121_jpg.rf.f593a5c849fcf97b712c45f6f945ce9f.jpg, 1, 0, 0, 0
image_6_jpg.rf.f53a777b4859e08fbf81bbd9710bca7d.jpg, 0, 1, 0, 0
aug_0_9125_jpeg.rf.f45da1ed29265b1b00936f1b45c76f35.jpg, 0, 0, 1, 0
hot-spots-suck_00076_jpg.rf.f3717ddb56509fb6841d1a1c2a150092.jpg, 1, 0, 0, 0
Atopic-dermatitis_Dog-chronic-lick-sore-on-leg_DermVets_jpg.rf.f52a0d0680ddddda063df5c8588a5c0a.jpg, 1, 0, 0, 0
hotspot-50-_jpg.rf.f5f0df90f09f134da912e44ba365c232.jpg, 1, 0, 0, 0
Image_13_jpg.rf.f5cdda7e510e1893f8e8f2a6ee05830d.jpg, 0, 1, 0, 0
Image_8-2-_jpg.rf.f5bb904a2d50ed9b1780d54f2851f00b.jpg, 0, 1, 0, 0
Poodle-hotspot-care-000106_png_jpg.rf.f59ac4f97dfbb45276baac9b3b69b73d.jpg, 0, 1, 0, 0
May-is-allergy-awareness-month-here-at-The-Shot-Spot_00127_jpg.rf.f3c660a54fb78d1dcedf9b4699ddfc88.jpg, 1, 0, 0, 0
1000010774_x4_jpg.rf.f5b2062c40b904b520246c69457bc6b7.jpg, 1, 0, 0, 0
1000010509_x4_jpg.rf.f37f5ef33867d135631d2de9202a7aca.jpg, 1, 0, 0, 0
aug_0_9445_jpeg.rf.f65a891de4a07252230c153b79a218d5.jpg, 0, 1, 0, 0
HOT-SPOT-IN-DOG-HOW-vet-treated-symptom-prevention_-flea-bite-moist-eczema_dog-itching-000500_png_jpg.rf.f509c55e38afcec2c539dbc9030a9546.jpg, 1, 0, 0, 0
The-perfect-way-to-apply-the-Hot-Spot-Gel_00541_jpg.rf.f6b39ba900f097dc39aed59f6e8a1fb5.jpg, 1, 0, 0, 0
aug_0_862_jpeg.rf.f5fd305133c4d5112cabee8603c3ecea.jpg, 0, 1, 0, 0
OIP-12-_x4_jpg.rf.00459c44e78523d053777e969ea14b0f.jpg, 1, 0, 0, 1
Image_24-3-_jpg.rf.002b93c1d27b59a935f7ddd65afdc069.jpg, 0, 0, 1, 0
Image_79_jpg.rf.007cd9524320028c1799caaf9fb937c1.jpg, 0, 1, 0, 0
hotspot-49-_jpg.rf.01b74b7c0eb5bac16f25a3168cc7079c.jpg, 1, 0, 0, 0
1000011974_x4_jpg.rf.01717e299919d446d70f2b07087ee37c.jpg, 1, 0, 0, 0
May-is-allergy-awareness-month-here-at-The-Shot-Spot_02671_jpg.rf.0243f32c85d140d11649d2aec1677077.jpg, 1, 0, 0, 0
50_jpg.rf.02e0a697373c4d7cdacdae314f4e3f9f.jpg, 1, 0, 0, 0
flea_allergy-95-_jpg.rf.030789418d41e47c004043b7a1c8299a.jpg, 0, 1, 0, 0
Hot-Spot-on-_Chance_-How-to-treat-a-dog-that-you-can_t-touch_-000619_png_jpg.rf.01996d037bd1a8180cd98b4677c20259.jpg, 1, 0, 0, 0
hotspot-10-_jpg.rf.03bf47410d25f3aa145c3934a6efa041.jpg, 1, 0, 0, 0
hot-spots-suck_00232_jpg.rf.001118c09d8a1e2c2f9f6317e72ac57f.jpg, 1, 0, 0, 0
37y_png_jpg.rf.0043a5d5ec3f309bf7eca75039780a82.jpg, 0, 0, 1, 0
HOT-SPOT-IN-DOG-HOW-vet-treated-symptom-prevention_-flea-bite-moist-eczema_dog-itching-000457_png_jpg.rf.0346dd6dab8128321a651bb288c3acfc.jpg, 1, 0, 0, 0
hotspot-25-_jpg.rf.03f279d247b46a4c51a152320515bace.jpg, 1, 0, 0, 0
36y_png_jpg.rf.01e9c371fb6b6d5d9bcb8acf8ffccb8f.jpg, 0, 0, 1, 0
1000010648_x16_jpg.rf.0133c5823e51638a4328b2fabf888483.jpg, 1, 0, 0, 0
Poodle-hotspot-care-000107_png_jpg.rf.045669a9d9fefc5bd22e38bc02ddf1ff.jpg, 0, 1, 0, 0
mange-35-_jpg.rf.0418cfcbc6dc5cf105237aff09a3920a.jpg, 0, 0, 0, 1
aug_0_9167_jpeg.rf.00b9cdcd79105208be76bf7548f33b20.jpg, 1, 0, 0, 0
May-is-allergy-awareness-month-here-at-The-Shot-Spot_00133_jpg.rf.01ff4203ed957ca22e893d03a950f14f.jpg, 1, 0, 0, 0
Owners-usually-don-t-get-a-good-vote-of-just-how-big-hotspots_00445_jpg.rf.047b5a10c4edce92eea674e46c57f58a.jpg, 1, 0, 0, 0
hot-spots-suck_00058_jpg.rf.047eb1d683be4332966e3b4082366ea2.jpg, 1, 0, 0, 0
flea_allergy-1-_jpg.rf.042a8dc5cb851cf85b8b5b4717863123.jpg, 0, 1, 0, 0
hotspot-29-_jpg.rf.054475dacfd10927dc70470d017fd58b.jpg, 1, 0, 0, 0
image_85_jpg.rf.03d3f80eeae7930a293489aee832d791.jpg, 0, 0, 1, 0
Owners-usually-don-t-get-a-good-vote-of-just-how-big-hotspots_00041_jpg.rf.0496826bea534dd09e36268da54ed278.jpg, 0, 1, 0, 0
Image_2-5-_jpg.rf.046e4f44c779472d57bbd35356066479.jpg, 0, 0, 0, 1
1000010531_x16_jpg.rf.04c83b0a4df329c59b185c4c3ab10e3d.jpg, 0, 0, 0, 1
aug_0_778_jpeg.rf.0574a1d30466d541e401faea07ecb886.jpg, 0, 1, 0, 0
Image_25-2-_jpeg.rf.06c714a7948728a298f92370253ebf3c.jpg, 1, 0, 0, 0
aug_0_2396_jpeg.rf.0768db33ffc39c8dd319a30d84aa0790.jpg, 1, 0, 0, 0
flea_allergy-30-_jpg.rf.09e12a56cb0359da307730f266daa150.jpg, 0, 1, 0, 0
HOT-SPOT-IN-DOG-HOW-vet-treated-symptom-prevention_-flea-bite-moist-eczema_dog-itching-000487_png_jpg.rf.04cb815026e3bb63fb627383daf554c2.jpg, 1, 0, 0, 0
flea_allergy-77-_jpg.rf.09c36c7a91fd2c71dcd8e57856cbe2e7.jpg, 0, 1, 0, 0
aug_0_3898_jpeg.rf.08bf273b0af43207857173ff1ce7c3a7.jpg, 0, 1, 0, 0
hotspot-95-_jpg.rf.062f2afcc13d5276f76870877931bcce.jpg, 1, 0, 0, 0
Image_80_png.rf.08d4f258fccf427e70b88a9dd38d8d55.jpg, 0, 1, 0, 0
pododermatitis_ashe-jpg-optimal_jpg.rf.09a9397de4d52c329bebe7c3375d2ed7.jpg, 1, 0, 0, 0
1a_png_jpg.rf.05ec793e3c0cdc30bf427532683d5c76.jpg, 0, 0, 1, 0
HOT-SPOT-IN-DOG-HOW-vet-treated-symptom-prevention_-flea-bite-moist-eczema_dog-itching-000355_png_jpg.rf.0aa812b70d304ae89a963264f8b6e9c2.jpg, 1, 0, 0, 0
Image_11-2-_jpg.rf.0657463dc67343b371976eceff6f4065.jpg, 1, 0, 0, 0
Image_19-2-_jpg.rf.080a364cea41c8148eb12f80befdc9db.jpg, 0, 1, 0, 0
aug_0_8576_jpeg.rf.06895d1ca039e194f25ae484525ef863.jpg, 1, 0, 0, 0
1a_png_jpg.rf.0a7ca317120e98cccb399b06558e5621.jpg, 0, 0, 1, 0
hotspot-102-_jpg.rf.07393c4fbcd82487f878fe03f8308708.jpg, 0, 1, 0, 0
Day-1-of-ringworm-treatment_00081_jpg.rf.09b8c2be76c4fffcf38acbe4a5e1fb19.jpg, 0, 0, 1, 0
mange-58-_jpg.rf.0b2721918b6cc731326dcf0ba187fb58.jpg, 0, 0, 0, 1
Image_66_jpg.rf.0ab350a1138b20e55b4ec33ebddabafa.jpg, 1, 0, 0, 0
mange-54-_jpg.rf.0b0dcb5ba881cbb7408c3e539d7b610e.jpg, 0, 0, 0, 1
1000010642_x16_jpg.rf.0afc404f2c461f7fb1cc2c52631113a1.jpg, 0, 0, 1, 0
mange-55-_jpg.rf.0b7a2c05d9e17550c511366448b2d972.jpg, 0, 0, 0, 1
aug_0_1950_jpeg.rf.0bce934112179f23860be27076968d1a.jpg, 0, 0, 1, 0
May-is-allergy-awareness-month-here-at-The-Shot-Spot_00139_jpg.rf.0af37d5a426cc6bf64c1fb4798fb6252.jpg, 1, 0, 0, 0
Image_37_jpg.rf.0bb0ada2f0cb409b09c3f9510499ba7b.jpg, 1, 0, 0, 0
Image_18-2-_jpg.rf.030795f0d534704720803cbf113032aa.jpg, 1, 0, 0, 0
hot-spots-suck_00346_jpg.rf.0a99a0bd0c47bbe7da01e606b6e810d5.jpg, 1, 0, 0, 0
1000010590_x4_jpg.rf.0bb368c557804bd74d670a500213a83e.jpg, 1, 0, 0, 0
flea_allergy-45-_jpg.rf.0bcba95abaccec70f796ecde2335bd05.jpg, 0, 0, 1, 0
aug_0_7740_jpeg.rf.0e04251e4186397e711bcb370afab1cd.jpg, 1, 0, 0, 0
Image_33-4-_jpg.rf.0e56c78bb4fd305ab6f7b705fb6a1288.jpg, 1, 0, 0, 0
The-perfect-way-to-apply-the-Hot-Spot-Gel_00544_jpg.rf.0e4df5c0f68afbc340a6004e0098f36e.jpg, 0, 0, 0, 1
1000010573_x4_jpg.rf.0d5b8a84531c844af7c60174d4852ecb.jpg, 1, 0, 0, 0
1000010653_x16_jpg.rf.0c397861a2cb734a8dae13893a8ccdea.jpg, 1, 0, 0, 0
HOT-SPOT-IN-DOG-HOW-vet-treated-symptom-prevention_-flea-bite-moist-eczema_dog-itching-000485_png_jpg.rf.0e3f5d6e37bcfcca9e62cd2b7d8cac90.jpg, 1, 0, 0, 0
Image_42_jpg.rf.0e623a3f94d999f65fc45ff8820bb51d.jpg, 0, 0, 1, 0
aug_0_8615_jpeg.rf.0e6455bc480e23377c9e809abc8d4014.jpg, 0, 1, 0, 0
Image_22-5-_jpg.rf.0f9365663ddbb0708a4c7afbc709060f.jpg, 1, 0, 0, 0
aug_0_4717_jpeg.rf.0f40d930070a034412ff1656bc4f925f.jpg, 0, 1, 0, 0
May-is-allergy-awareness-month-here-at-The-Shot-Spot_00070_jpg.rf.101527c2c7cde22f78e5ba6dfd350e51.jpg, 1, 0, 0, 0
aug_0_522_jpeg.rf.0c90cd7632b0cd982f969fd22a0b1b42.jpg, 1, 0, 0, 0
hotspot-21-_jpg.rf.0d5f31cda889c794b5170ca2af07dc56.jpg, 1, 0, 0, 0
Owners-usually-don-t-get-a-good-vote-of-just-how-big-hotspots_00037_jpg.rf.0ff066e1b336f00edc180ebe01d427db.jpg, 0, 1, 0, 0
Image_29-5-_jpg.rf.0dcf43850a6eed404d7c564b38cbc970.jpg, 1, 0, 0, 0
1000010669_x16_jpg.rf.0e0e90f5de54eccf99ab58873e72bb5c.jpg, 0, 0, 0, 1
HOT-SPOT-IN-DOG-HOW-vet-treated-symptom-prevention_-flea-bite-moist-eczema_dog-itching-000467_png_jpg.rf.0ca509507ef40721ee2688317a829ae2.jpg, 1, 0, 0, 0
1000010586_x4_jpg.rf.0f345d94e3984778f6131216662cc2d0.jpg, 1, 0, 0, 0
2009-2652-Yegar-M-Canis-Cafhw_jpg.rf.10c37f72c17788b6e55c02413b4c4fde.jpg, 0, 0, 1, 0
image_84_jpg.rf.10e9c2d6544466960d0e8ffb18f0d44b.jpg, 0, 0, 1, 0
1000010671_x16_jpg.rf.114f2e0816cee4e25a20a096a4426a73.jpg, 0, 0, 1, 0
aug_0_5058_jpeg.rf.10e0c8125a6cfa1b7033638c2a1d23d4.jpg, 0, 1, 0, 0
2a_jpg.rf.101a02c13714c8576f0fd053df0ee860.jpg, 0, 0, 1, 0
1000010747_x4_jpg.rf.12e6e9b23bb6501eb6cf46a24e1885f5.jpg, 0, 1, 0, 0
1000010532_x16_jpg.rf.136506c65e0a8dd1ec52bc7148f9c85a.jpg, 0, 1, 0, 0
hot-spots-suck_00310_jpg.rf.13fbe926a43cb82e92df485d26b5de8c.jpg, 1, 0, 0, 0
aug_0_8484_jpeg.rf.137dcbcb84fd69a24a1068083f261600.jpg, 0, 1, 0, 0
aug_0_2862_jpeg.rf.151674cd55faea0d4c9e86bbc1095b17.jpg, 0, 0, 1, 0
hot-spots-suck_00298_jpg.rf.1540fd2db6dd42148585c718bd2c7861.jpg, 1, 0, 0, 0
flea_allergy-64-_jpg.rf.1184f6e276f2edbb0f70efd2328529f2.jpg, 0, 1, 0, 0
1000011975_x4_jpg.rf.11192b943db5d999a5af99c90636aeeb.jpg, 1, 0, 0, 0
Image_14-3-_jpg.rf.134f738c950cfba4cff9d9c88525f13a.jpg, 1, 0, 0, 0
mange-17-_jpg.rf.154a7f2278f8b4a8e8ebe963103c1fbb.jpg, 0, 0, 0, 1
1000010629_x4_jpg.rf.136cb76675d76b84825bdd75ec350151.jpg, 0, 0, 0, 1
32qy_png_jpg.rf.1524d462035cd8edd1d141faf718078f.jpg, 0, 0, 1, 0
Hot-Spot-on-_Chance_-How-to-treat-a-dog-that-you-can_t-touch_-000625_png_jpg.rf.15b8ef21b6c61679148e3cdc978ace4d.jpg, 1, 0, 0, 0
Image_27-5-_jpg.rf.143a1e5c1db92037cdd968040c84a638.jpg, 1, 0, 0, 0
mange-46-_jpg.rf.1adf84f47a29291b9358a035891ecec0.jpg, 0, 0, 0, 1
hotspot-98-_jpg.rf.1bc5e1de9f6222f19b20c298dea6b663.jpg, 1, 0, 0, 0
36q_png_jpg.rf.1b342c13f0f891956037614b161bfb0d.jpg, 0, 0, 1, 0
Poodle-hotspot-care-000123_png_jpg.rf.175b5a46f6754e6ce5ef77f8a04a3eba.jpg, 0, 1, 0, 0
Image_48_jpg.rf.18f306790f4e3767dcdbe5f38596b618.jpg, 0, 1, 0, 0
1000010536_x4_jpg.rf.1c6a5b961988e636e2fdda3b7e44cc29.jpg, 1, 0, 0, 0
mange-33-_jpg.rf.1b33ead8b003796785c59dacb57b5ab2.jpg, 0, 0, 0, 1
Image_14_jpeg.rf.1b1e23c8afe56616dd1a484fdbebbf84.jpg, 0, 0, 0, 1
225285168_549389086105304_2027840201124893596_n_jpg.rf.1c65bd079f39647e03cb86eda9b7a900.jpg, 0, 0, 0, 1
jenniferbaxter03_00361_jpg.rf.1c067aea42e68d87ec38bdc8e98049a8.jpg, 0, 1, 0, 0
Hot-Spot-on-_Chance_-How-to-treat-a-dog-that-you-can_t-touch_-000612_png_jpg.rf.18bde53f31273923aa862fd2bcd1e2e8.jpg, 1, 0, 0, 0
Image_11_jpg.rf.195b35a4fab119b254296161eca317b2.jpg, 0, 0, 1, 0
hot-spots-suck_00040_jpg.rf.181efb37ad6aa99b7261f8957cbd863f.jpg, 1, 0, 0, 0
hotspot-81-_jpg.rf.1c11e01ffba9dd429d7f594e4f18cdc8.jpg, 1, 0, 0, 0
Image_80_jpg.rf.1ada6bbc34cb936a9f21d6a4bf76ce2e.jpg, 1, 0, 0, 0
aug_0_4563_jpeg.rf.195fec6eb41691ec105e29799d2e3cb6.jpg, 1, 0, 0, 0
flea_allergy-50-_jpg.rf.16f1a3a9671f3b2fccdd4871446ef3ea.jpg, 0, 1, 0, 0
Image_56_jpeg.rf.188133ba2106d42d9dffbc37cd709758.jpg, 1, 0, 0, 0
HOT-SPOT-IN-DOG-HOW-vet-treated-symptom-prevention_-flea-bite-moist-eczema_dog-itching-000483_png_jpg.rf.15c2f1fbf033b7dc3ab118ed9450628b.jpg, 1, 0, 0, 0
1000010725_x16_jpg.rf.1a39b0175651f3ed034cb223ad01924b.jpg, 1, 0, 0, 0
aug_0_9057_jpeg.rf.1cf08c107bff0067eef022136cc54fc5.jpg, 0, 1, 0, 0
aug_0_58_jpeg.rf.1e1d478d96ec9a2f04b94f9a7779e323.jpg, 1, 0, 0, 0
May-is-allergy-awareness-month-here-at-The-Shot-Spot_02191_jpg.rf.1b748d9c94b059a2fab6f6f656e16038.jpg, 1, 0, 0, 0
Image_79_jpg.rf.1c9b6068931bae58efd01b7217ba7441.jpg, 0, 0, 0, 1
Image_41_jpeg.rf.1dd7343e6ddde84c8140e8f097b3fc14.jpg, 0, 1, 0, 0
hotspot-57-_jpg.rf.191bd87f521d1ce12d68c5e5cfb6321f.jpg, 1, 0, 0, 0
1000010592_x4_jpg.rf.1eee6f1328d1b8ace764f9d6371dabe2.jpg, 0, 1, 0, 0
May-is-allergy-awareness-month-here-at-The-Shot-Spot_00118_jpg.rf.1ca3fd8ae8df599bd88823be76030468.jpg, 1, 0, 0, 0
64273431_2293314670920876_8293030331825520640_n_jpg.rf.1e41e96876648127ef3ea377aee3c668.jpg, 0, 1, 0, 0
flea_allergy-49-_jpg.rf.1f3d0460f0d917df65557b793afeaedb.jpg, 0, 1, 0, 0
2_jpg.rf.1ae6a32b093d0ddbc5c6d08ba2ed7a42.jpg, 0, 0, 1, 0
Image_60-2-_jpg.rf.17dee53fe942dd444e27f449201040a8.jpg, 0, 1, 0, 0
Image_42_jpg.rf.1dbc33b1fa0f7563438fc96f538ce2c5.jpg, 1, 0, 0, 0
HOT-SPOT-IN-DOG-HOW-vet-treated-symptom-prevention_-flea-bite-moist-eczema_dog-itching-000498_png_jpg.rf.20440afa2fcbd8f652fc578534c93293.jpg, 1, 0, 0, 0
May-is-allergy-awareness-month-here-at-The-Shot-Spot_02227_jpg.rf.1e5105648103b70b85254edbf1ad8ad5.jpg, 1, 0, 0, 0
1000010698_x4_jpg.rf.1c8af07719c40346898289d1e6f0e5ce.jpg, 0, 1, 0, 0
mange-60-_jpg.rf.1e676ba29df5159e82d178cc412626d2.jpg, 0, 0, 0, 1
aug_0_1060_jpeg.rf.1ce622f31e118201381be8ca61ba0cce.jpg, 0, 0, 0, 1
Hot-Spot-on-_Chance_-How-to-treat-a-dog-that-you-can_t-touch_-000620_png_jpg.rf.1eca722d5a800dc57d0f206e47dc5a2b.jpg, 1, 0, 0, 0
I-thought-this-was-an-Ingrown-hair-in-my-dogs-toe-grass-seed-removal-000003_png_jpg.rf.1d67e3f8a970fb567fae3d1e25e0fcce.jpg, 0, 1, 0, 0
hotspot-83-_jpg.rf.1a20285c96ef60d412c505d1dbb5e0ca.jpg, 1, 0, 0, 0
hotspot-107-_jpg.rf.1fceea5008f73f5c7b4fac99d72a34ff.jpg, 1, 0, 0, 0
image_86_jpg.rf.200d5a0788e95b82093973fd4752c0eb.jpg, 0, 0, 1, 0
1516253873174_x4_jpg.rf.1febf8347622bd9d2fa13188114979ab.jpg, 1, 0, 0, 0
aug_0_9995_jpeg.rf.225ff0a29062d2c6c8e01f187dff5191.jpg, 0, 0, 1, 0
36r_png_jpg.rf.23f5be3a733194d9de78de98c55f3107.jpg, 0, 0, 1, 0
mange-3-_jpg.rf.2520f4f362d2af82ae5fb3a07c742221.jpg, 0, 0, 0, 1
Image_33-3-_jpg.rf.25fca02c5cb50ae7554d11b7623a992f.jpg, 0, 1, 0, 0
May-is-allergy-awareness-month-here-at-The-Shot-Spot_00007_jpg.rf.231b93f33d72c6b2790c48e1669b8677.jpg, 1, 0, 0, 0
Poodle-hotspot-care-000001_png_jpg.rf.2406fde9dcd377f800a1f2f5b6472c71.jpg, 0, 1, 0, 0
1000010775_x16_jpg.rf.2410b8e8a999f164fc1cd2e7c6aed947.jpg, 0, 0, 0, 1
Poodle-hotspot-care-000113_png_jpg.rf.22184956fecd5dbfe945c7898e0ed6c0.jpg, 0, 1, 0, 0
Image_47-2-_jpg.rf.2543d2d37f0fec63f88d90a1fe495c27.jpg, 1, 0, 0, 0
Image_75_jpg.rf.235ebb22d0d384d3d9fbcfae596d58f8.jpg, 0, 1, 0, 0
aug_0_5136_jpeg.rf.2423e5dce3c4f321ddec0455c484a1da.jpg, 0, 1, 0, 0
May-is-allergy-awareness-month-here-at-The-Shot-Spot_01387_jpg.rf.262abe59aeef628497385ca40ed1472a.jpg, 1, 0, 0, 0
aug_0_4486_jpeg.rf.252b8963f421b0edf343ace10c1b9986.jpg, 0, 0, 0, 1
Thank-you-all-for-your-support_00016_jpg.rf.24aa611b8e6340b0971e7c000bc9e292.jpg, 1, 0, 0, 0
Image_24-2-_png.rf.247da75840484c903e55b12fcd030081.jpg, 0, 1, 0, 0
aug_0_5916_jpeg.rf.24f1b9453945c57936f043a3f9a427f4.jpg, 0, 1, 0, 0
mange-38-_jpg.rf.20fe3967a98c3764c1b20f0303f42c4b.jpg, 1, 0, 0, 0
hotspot-5-_jpg.rf.23834d1442c85a87302629671c9c6093.jpg, 1, 0, 0, 0
Image_30_jpeg.rf.25fef02f0dbdd44f43286d4ad36c9bab.jpg, 1, 0, 0, 0
Image_45-3-_jpg.rf.25a9c0b6f9e90d5924a18cc9106125f2.jpg, 1, 0, 0, 0
flea_allergy-13-_jpg.rf.266114b098b45b65dfe8a01913c400d0.jpg, 0, 1, 0, 0
HOT-SPOT-IN-DOG-HOW-vet-treated-symptom-prevention_-flea-bite-moist-eczema_dog-itching-000481_png_jpg.rf.25920c373b3c8eab8bfdcc7cbd4373c4.jpg, 1, 0, 0, 0
1000010654_x16_jpg.rf.233234558f3faf1b4782c8dab429d759.jpg, 0, 0, 1, 0
aug_0_3019_jpeg.rf.2594faaed8bb894fff4b48a5da7cc81d.jpg, 0, 1, 0, 0
32t_png_jpg.rf.25d6c9b81588922fc19345a0a3e5f3be.jpg, 0, 0, 1, 0
aug_0_7325_jpeg.rf.253017103f3a9531631f8fa5dc7557a2.jpg, 0, 0, 0, 1
hot-spots-suck_00097_jpg.rf.27e7759daa23aecabdc51b1a9efe34bf.jpg, 1, 0, 0, 0
1000010765_x4_jpg.rf.27bae8ca717b62485fdc620f660a0830.jpg, 1, 0, 0, 0
May-is-allergy-awareness-month-here-at-The-Shot-Spot_00019_jpg.rf.268e304e86b38d470d3d006ea23a8be7.jpg, 1, 0, 0, 0
HOT-SPOT-IN-DOG-HOW-vet-treated-symptom-prevention_-flea-bite-moist-eczema_dog-itching-000151_png_jpg.rf.28a74b420583ba969305a6d45a24ea23.jpg, 1, 0, 0, 0
hotspot-111-_jpg.rf.29af61ce11976ae6a4fd2ec962795500.jpg, 1, 0, 0, 0
301504804_8729017157124164_3961058354446722962_n_jpg.rf.2abbc4b68e684b208683ed640f256235.jpg, 1, 0, 0, 0
Poodle-hotspot-care-000104_png_jpg.rf.29f03769c9115b7ce9c299925d7795d0.jpg, 0, 1, 0, 0
Thank-you-all-for-your-support_00031_jpg.rf.28ea60064aa782cc10404ab895eabc0e.jpg, 1, 0, 0, 0
aug_0_794_jpeg.rf.29e73bca195617805845b108515c5fd8.jpg, 0, 1, 0, 0
aug_0_354_jpeg.rf.2a426075c9d494ad4cc25a9ec0d4f668.jpg, 0, 1, 0, 0
1000010639_x16_jpg.rf.2880009ebdd1c7bbb3800f27dc051748.jpg, 1, 0, 0, 0
Image_77_jpg.rf.2a6d8aee78d9362aa4981d0fcf72c127.jpg, 0, 0, 1, 0
aug_0_5350_jpeg.rf.2a9a008c457dc07d1c196ba988cf66ee.jpg, 1, 0, 0, 0
1000010761_x4_jpg.rf.2b4b741794ba04cc69ff856419f7d93a.jpg, 1, 0, 0, 0
110309934_2084249831710671_644872728960204913_n_jpg.rf.283ff8e764a9d0b0b5754916ee4da157.jpg, 0, 1, 0, 0
hotspot-15-_jpg.rf.28239e295de21625956de086451410e1.jpg, 0, 0, 1, 0
Image_2-2-_jpg.rf.2aa064b4c5463c487398c84610a503c4.jpg, 0, 1, 0, 0
OIP-7-_x16_jpg.rf.295ae32300d34d3bd1e5377383dc316b.jpg, 0, 1, 0, 0
aug_0_9717_jpeg.rf.29cd7756a93c3ba9f343d517fa6e83de.jpg, 0, 0, 0, 1
flea_allergy-14-_jpg.rf.27110375a26d0797f4890838684f0859.jpg, 0, 1, 0, 0
flea_allergy-69-_jpg.rf.2b90591c1e6c6536e19368a3853f9a98.jpg, 0, 1, 0, 0
1000010610_x4_jpg.rf.28ad0549ae3cef459c65d54bbfbc31d7.jpg, 1, 0, 0, 0
hotspot-22-_jpg.rf.2a335c29f511c32a309f01c19f94b3d7.jpg, 1, 0, 0, 0
1000010541_x16_jpg.rf.2b130625b2db0f480f16f9d6bc49233d.jpg, 0, 0, 1, 0
aug_0_7038_jpeg.rf.2c95bc0c17eeaade77aa476ab47b57ca.jpg, 1, 0, 0, 0
HOT-SPOT-IN-DOG-HOW-vet-treated-symptom-prevention_-flea-bite-moist-eczema_dog-itching-000484_png_jpg.rf.2b942deccf9d3320efa691150f0fae0d.jpg, 1, 0, 0, 0
depositphotos_278064588-stock-photo-selective-focus-dermatitis-disease-dog_jpg.rf.2c43aa4185b53ac58b2374ba2ed3ec48.jpg, 1, 0, 0, 0
aug_0_6361_jpeg.rf.2d20438e56bed7f07a9fc51aca3314de.jpg, 0, 0, 0, 1
Poodle-hotspot-care-000119_png_jpg.rf.2d9b1155acfcf839c374c83de59af3de.jpg, 0, 1, 0, 0
hotspot-115-_jpg.rf.2d5cd764ec64085360065c31271d586c.jpg, 1, 0, 0, 0
1000010762_x16_jpg.rf.2e0c18f1fdd397960bbbc32832908a6f.jpg, 0, 0, 0, 1
1000011982_x4_jpg.rf.2f8bc483de528013eb046ceb9cbfdef2.jpg, 0, 0, 1, 0
431b67dc8abef58a33f606ec6d5b2bd00e016900_jpeg_jpg.rf.2fa3f9785c7efed3c59b397cf90e4ac7.jpg, 0, 0, 0, 1
Image_3_jpg.rf.2e0b0a97ca0c33f30ad756ffe1af9c49.jpg, 0, 0, 1, 0
137314781_408375947040120_5022441313590863863_n_jpg.rf.2fbb0b7bbdd9efe959a865994089d980.jpg, 0, 1, 0, 0
HOT-SPOT-IN-DOG-HOW-vet-treated-symptom-prevention_-flea-bite-moist-eczema_dog-itching-000475_png_jpg.rf.307b31772784aa61888c1b975535d776.jpg, 1, 0, 0, 0
aug5_jpg.rf.2e340309c275a6a524cb56c096ce0931.jpg, 1, 0, 0, 0
May-is-allergy-awareness-month-here-at-The-Shot-Spot_01552_jpg.rf.2e4b1804c49634a866b9a919bc3f3a7b.jpg, 1, 0, 0, 0
aug_0_1033_jpeg.rf.2e6c7f0179fff564fa85f20ec5696816.jpg, 1, 0, 0, 0
1000_F_266925987_GoNkiLNIUXfRzYXf96Ngo00leArxL72S_jpg.rf.30ad9e6f1c3344294db39f63f3e6b975.jpg, 1, 0, 0, 0
OIP-6-_x4_jpg.rf.2ee4c8cad57926fc0ad13a8e6929a376.jpg, 1, 0, 0, 0
hotspot-67-_jpg.rf.2ead649b56be1b7376bdb153ded91809.jpg, 1, 0, 0, 0
aug_0_4957_jpeg.rf.3188b89189190adb9f55c0e51ad9c1ac.jpg, 0, 1, 0, 0
May-is-allergy-awareness-month-here-at-The-Shot-Spot_00022_jpg.rf.30ba2bdc3c0987d4b6071ee88694aa10.jpg, 1, 0, 0, 0
HOT-SPOT-IN-DOG-HOW-vet-treated-symptom-prevention_-flea-bite-moist-eczema_dog-itching-000362_png_jpg.rf.3100dc791186d7d13007efbf37275436.jpg, 1, 0, 0, 0
1w_png_jpg.rf.2e75d6a8ae51f8a878291bf9941ac4b4.jpg, 0, 0, 1, 0
Image_15_jpg.rf.30ccd3eefa2efac6fb68b2d00cd17268.jpg, 0, 0, 1, 0
Image_74-2-_jpg.rf.3181bcb8d2222aab5b6d3ef4b259e3c3.jpg, 1, 0, 0, 0
flea_allergy-85-_jpg.rf.2e313411a9936a55088f15821a347da7.jpg, 0, 1, 0, 0
aug_0_1312_jpeg.rf.30d270a8992c5fc9de67cbadc8bd1bc1.jpg, 0, 1, 0, 0
flea_allergy-3-_jpg.rf.311c8c1a397fc3b5fe138d2c5009eb5e.jpg, 0, 1, 0, 0
hotspot-30-_jpg.rf.2f1658450ce21f43599e5d52f1d76f54.jpg, 1, 0, 0, 0
May-is-allergy-awareness-month-here-at-The-Shot-Spot_02290_jpg.rf.30e582cab31838701397badc49080f5e.jpg, 1, 0, 0, 0
May-is-allergy-awareness-month-here-at-The-Shot-Spot_00469_jpg.rf.320913c06fa2cfbcbf70c893e98b9728.jpg, 1, 0, 0, 0
1000010518_x4_jpg.rf.30e09f8ddf691911d0245d43b537af09.jpg, 1, 0, 0, 0
hotspot-61-_jpg.rf.3147db6a0a7064099d6a595ba36c7196.jpg, 1, 0, 0, 0
4k_png_jpg.rf.3204079662177256510415299e6ad799.jpg, 0, 0, 1, 0
Image_65_jpg.rf.321b4d04511fa9caef4b923814aadc73.jpg, 0, 0, 1, 0
aug_0_1764_jpeg.rf.325b7ec08efaeea961920819cd30ca8e.jpg, 0, 1, 0, 0
hot-spots-suck_00034_jpg.rf.329b9466bd18529a12abf440404e27cb.jpg, 1, 0, 0, 0
Image_29-3-_jpg.rf.34ae735885ff674e8b7a5f0d7f0ade8d.jpg, 1, 0, 0, 0
mange-47-_jpg.rf.33cae4dc38fead332f0155cf317240c3.jpg, 0, 0, 0, 1
1000010755_x4_jpg.rf.335331a81ac5685a444fc9528abfa909.jpg, 0, 1, 0, 0
Image_24-5-_jpg.rf.345784eb1d59edea30d20c5b58e7fa2c.jpg, 1, 0, 0, 0
aug_0_8917_jpeg.rf.3468a1b845ed798b40c50c702db57192.jpg, 1, 0, 0, 0
mange-19-_jpg.rf.34432131e1b744ef13fba7ff227168d9.jpg, 0, 1, 0, 0
1000010778_x16_jpg.rf.3336e92c8b064c46c7ad15e521679349.jpg, 1, 0, 0, 0
83553740_2666988543398149_7829973956135223296_n_jpg.rf.36a2eda782c71c6fadc132540a19f855.jpg, 1, 0, 0, 0
1000010511_x16_jpg.rf.360c3b987314ce0213e57e5e49bb9d48.jpg, 1, 0, 0, 0
HOT-SPOT-IN-DOG-HOW-vet-treated-symptom-prevention_-flea-bite-moist-eczema_dog-itching-000494_png_jpg.rf.3552c102379c7f47737cbad000687508.jpg, 1, 0, 0, 0
May-is-allergy-awareness-month-here-at-The-Shot-Spot_00130_jpg.rf.33fa013c03141d2c040f43f90652be66.jpg, 1, 0, 0, 0
1000010727_x4_jpg.rf.35d7614027628999f88ec42b52dac06a.jpg, 1, 0, 0, 0
36p_png_jpg.rf.36cad43b88c0de061331fb0622d63107.jpg, 0, 0, 1, 0
aug_0_8205_jpeg.rf.352b52ceb576d6eeaa4a6ed8bb6d9c36.jpg, 0, 1, 0, 0
hotspot-82-_jpg.rf.3641252a87c64b5aefc3e7f4ec47b820.jpg, 1, 0, 0, 0
Image_47-3-_jpg.rf.3604a714b240c9fa694c18fa32e83223.jpg, 1, 0, 0, 0
HOT-SPOT-IN-DOG-HOW-vet-treated-symptom-prevention_-flea-bite-moist-eczema_dog-itching-000486_png_jpg.rf.366d7f076abddeeee5b5cb121a518807.jpg, 1, 0, 0, 0
Image_9_jpg.rf.36ac5505e3859c12c96a81a754091cc3.jpg, 1, 0, 0, 0
Image_38-4-_jpg.rf.347056d9eafa5eab1a8b114502f52168.jpg, 1, 0, 0, 0
aug_0_3176_jpeg.rf.36b154cebf1b9f4f8573625374d538fb.jpg, 0, 1, 0, 0
1000010640_x16_jpg.rf.378985bea699cd65a7c316c2c8c5dba5.jpg, 1, 0, 1, 0
Image_72_jpg.rf.37a32cac34ad41b81cff5b156d216afa.jpg, 1, 0, 0, 0
95170520_2787671877998576_422400661942960128_n_jpg.rf.3616970a6ff2339ffa9e774b180e3019.jpg, 0, 0, 0, 1
aug_0_6615_jpeg.rf.37605216634de661c9cb3f4b317e2385.jpg, 0, 1, 0, 0
Image_17-2-_jpg.rf.35cdce5e0d496210a0fd7d2664064fc7.jpg, 1, 0, 0, 0
OIP-21-_x4_jpg.rf.376145eef3bf6d43f9153dd533e3fd6a.jpg, 0, 0, 0, 1
aug_0_1370_jpeg.rf.37dddfb0df5f9153b1466573c0ab752e.jpg, 0, 0, 1, 0
flea_allergy-10-_jpg.rf.38aba55c8c08957f658513e0a7691614.jpg, 0, 0, 1, 0
image_7_jpg.rf.34c8bb983f6e4b2de9f36a9ff4823e4e.jpg, 0, 1, 0, 0
aug_0_7175_jpeg.rf.3a66d8c3be137b42921582c6640fb091.jpg, 1, 0, 0, 0
flea_allergy-58-_jpg.rf.374caeb9000ce8734b83a515e254411b.jpg, 0, 1, 0, 0
aug_0_8509_jpeg.rf.383f565165249bbb8a5bd33bdd6f709d.jpg, 0, 0, 0, 1
hot-spots-suck_00316_jpg.rf.3b2cfcd57b048041e3985f5dc76d7843.jpg, 1, 0, 0, 0
aug_0_3852_jpeg.rf.3814f3b4e9b6d75c23cc4ea51e2ac92a.jpg, 1, 0, 0, 0
Image_2-3-_jpg.rf.3800f4121d72a7d0daf614c5c32af8ed.jpg, 0, 0, 1, 0
1000010684_x16_jpg.rf.3b7d61ff2340692e1d4eda1ede27b514.jpg, 0, 1, 0, 0
hot-spots-suck_00085_jpg.rf.3ba1ecdc301f328aac2e4509443803fe.jpg, 1, 0, 0, 0
36q_png_jpg.rf.3bd130ef1a6fda555086b847bb0829bd.jpg, 0, 0, 1, 0
aug_0_4318_jpeg.rf.3731599a19473984797d3b3a6946411d.jpg, 0, 1, 0, 0
36o_png_jpg.rf.3a80e07e614f705f9fff878a38d3bfe6.jpg, 0, 0, 1, 0
Poodle-hotspot-care-000127_png_jpg.rf.3b3c48ef43061bbb94a229f0359753a8.jpg, 0, 1, 0, 0
36u_png_jpg.rf.38c719bb244f942d4e181f9686af1493.jpg, 0, 0, 1, 0
1000010710_x16_jpg.rf.39da9cf2c1ed7bd3de27f335a641755d.jpg, 1, 0, 0, 0
hotspot-36-_jpg.rf.3ab3e89689e33af0a5e869b801190254.jpg, 1, 0, 0, 0
1000010538_x16_jpg.rf.3ebc410b546036134a322db390ea352d.jpg, 1, 0, 0, 0
aug_0_6257_jpeg.rf.3eff546c522c2b2f99fc05f8ee28a657.jpg, 1, 0, 0, 0
Image_9_jpg.rf.3e14d5e4521b64a4733289fc26d462b0.jpg, 0, 0, 1, 0
aug_0_498_jpeg.rf.3cc8a749490402db39f6b6b3aa23e001.jpg, 1, 0, 0, 0
hot-spots-suck_00349_jpg.rf.3bf7e5af0c7b0946b75b11c345772aff.jpg, 1, 0, 0, 0
aug_0_881_jpeg.rf.3c1b2e4c05db9ed2ecc68824e8a62862.jpg, 0, 0, 1, 0
Image_16-2-_jpg.rf.3ef9b7fb321bc060affd590611f78fb5.jpg, 0, 1, 0, 0
37_PNG_jpg.rf.3da1ac603220cd9eb8b7d71aff2af163.jpg, 0, 0, 1, 0
Image_27_jpg.rf.3f52135180de793f04312a10408be622.jpg, 0, 0, 1, 0
aug_0_121_jpeg.rf.3e335f8382fab802391187ea7fe99673.jpg, 1, 0, 0, 0
HOT-SPOT-IN-DOG-HOW-vet-treated-symptom-prevention_-flea-bite-moist-eczema_dog-itching-000361_png_jpg.rf.3f1660b6591e8ce9895a468d51645a06.jpg, 1, 0, 0, 0
Day-28-of-ringworm-treatment_00151_jpg.rf.3c03aa9b8e23be35377224c550c56676.jpg, 0, 0, 1, 0
aug_0_1802_jpeg.rf.3e4c457f6a8e45bc467225aff497841e.jpg, 0, 1, 0, 0
56_jpg.rf.3e0d66346886092d6e8406ff42a35318.jpg, 0, 0, 0, 1
May-is-allergy-awareness-month-here-at-The-Shot-Spot_02314_jpg.rf.4176b138885cff76747a105558d16c30.jpg, 1, 0, 0, 0
1000010655_x16_jpg.rf.3f1a1d802450e18a5f1a829e20a12558.jpg, 0, 0, 1, 0
mange-32-_jpg.rf.4039b39194876d88cd7eb23d74fbfae5.jpg, 0, 0, 0, 1
mange-44-_jpg.rf.3fdf8af48e65abea48e5ec9b059762a0.jpg, 0, 0, 0, 1
aug_0_9601_jpeg.rf.42f60b2a680f20461b79653440d88c45.jpg, 1, 0, 0, 0
HOT-SPOT-IN-DOG-HOW-vet-treated-symptom-prevention_-flea-bite-moist-eczema_dog-itching-000358_png_jpg.rf.42c67e563ce462fab04816bd96431176.jpg, 1, 0, 0, 0
Poodle-hotspot-care-000128_png_jpg.rf.3ecd63e6f244c306800e4a023773cf5f.jpg, 0, 1, 0, 0
flea_allergy-37-_jpg.rf.40e3f73ba51e76882c0937cc0e78f82d.jpg, 0, 1, 0, 0
83482425_2666988283398175_4819098995697647616_n_jpg.rf.41fc6b45aa485ae8386ec550efd89550.jpg, 1, 0, 0, 0
hotspot-54-_jpg.rf.43123aa0b88649f84092589ffb19012f.jpg, 1, 0, 0, 0
aug_0_7376_jpeg.rf.40c1111003dc5a078214a6060cc53060.jpg, 0, 1, 0, 0
aug_0_5156_jpeg.rf.433d189c8a396ca715987e900086c1d3.jpg, 0, 1, 0, 0
36p_png_jpg.rf.3ed5abb193a34e0900733c2231531cb4.jpg, 0, 0, 1, 0
aug_0_1360_jpeg.rf.42573c0fd2ad3ac225d98b53a157ad11.jpg, 1, 0, 0, 0
aug_0_9949_jpeg.rf.45dcf08a99df071c8be8306c88540bbd.jpg, 0, 0, 1, 0
mange-36-_jpg.rf.43e7a48f04ccc52fe10a7b452244120b.jpg, 0, 0, 0, 1
mange-61-_jpg.rf.456102c4ce9721acfcbef8fe600a94f4.jpg, 0, 0, 0, 1
1000010523_x4_jpg.rf.43ccaad118778bcea2371b201079cc5f.jpg, 0, 1, 0, 0
Image_12_jpg.rf.45e6f489c9821891ff4b7114866404d4.jpg, 0, 0, 1, 0
Day-4-of-ringworm-treatment_00431_jpg.rf.44ab732049751a63eac38e85de4fbd6f.jpg, 0, 0, 1, 0
aug_0_2824_jpeg.rf.40007e66492abc911a4e81013655ad18.jpg, 1, 0, 0, 0
1000010731_x16_jpg.rf.45ba4b998f327958608376e8095db2c6.jpg, 0, 0, 0, 1
231160892_518946332645147_3656949587182572307_n_jpg.rf.3f4917c5e9309252f1a7c6babc91bcca.jpg, 1, 1, 0, 0
HOT-SPOT-IN-DOG-HOW-vet-treated-symptom-prevention_-flea-bite-moist-eczema_dog-itching-000497_png_jpg.rf.44b4afc8ff305907dc0dd48dcef3d7e6.jpg, 1, 0, 0, 0
I-thought-this-was-an-Ingrown-hair-in-my-dogs-toe-grass-seed-removal-000312_png_jpg.rf.44e9833f937ebcc9ebc069a1c5887934.jpg, 1, 0, 0, 0
hotspot-74-_jpg.rf.45e2121482d1446b56d511f693bd0fc2.jpg, 1, 0, 0, 0
flea_allergy-32-_jpg.rf.44224bc7bee8ce6683bbd4943de9c82d.jpg, 0, 1, 0, 0
Image_51_JPG.rf.3fb6fefe32ecb2257c7b8c649769fee0.jpg, 1, 0, 0, 0
Poodle-hotspot-care-000110_png_jpg.rf.45e330672932ab27f8f40f4c9e27dae3.jpg, 0, 1, 0, 0
flea_allergy-17-_jpg.rf.4290af60a7a94521334587a531fb7a7f.jpg, 0, 1, 0, 0
Reply-to-don-t-let-your-dog-suffer-in-silence_00011_jpg.rf.45398e8b9e29ff21a25fe4aff64465ef.jpg, 1, 0, 0, 0
1000010759_x16_jpg.rf.46b61fc5a45fc64bcf3adaab738cdf1a.jpg, 1, 0, 0, 0
mange-42-_jpg.rf.46161c873e1d8b829e1121324a00002d.jpg, 0, 0, 0, 1
aug_0_4104_jpeg.rf.45d11cb34b18c53d2bc1e605ea75fd49.jpg, 0, 1, 0, 0
hotspot-85-_jpg.rf.46868def4f8dbe78d17eae9941ba8ac3.jpg, 1, 0, 0, 0
flea_allergy-51-_jpg.rf.475cc6677ab4d0b1d4d7a5537ebe0120.jpg, 0, 1, 0, 0
HOT-SPOT-IN-DOG-HOW-vet-treated-symptom-prevention_-flea-bite-moist-eczema_dog-itching-000360_png_jpg.rf.46df34ec1efb6532090f3e2fdefe6e38.jpg, 1, 0, 0, 0
flea_allergy-61-_jpg.rf.4838f91a599217716ed7a3c5818a7cc4.jpg, 0, 1, 0, 0
aug_0_5861_jpeg.rf.467d429514ab9ccf9e2171afddb25803.jpg, 0, 0, 1, 0
image_12_jpg.rf.4795255b2425c0d2ac4d75e990b76792.jpg, 0, 1, 0, 0
aug_0_4887_jpeg.rf.46fff04595e8f345086747c1eb7c5fbb.jpg, 0, 0, 1, 0
May-is-allergy-awareness-month-here-at-The-Shot-Spot_00082_jpg.rf.47bf60ad95773734f108d6201473f9c7.jpg, 1, 0, 0, 0
hotspot-94-_jpg.rf.48ca9b24f4e6921f54ea1a0d024a1cf8.jpg, 1, 0, 0, 0
aug_0_239_jpeg.rf.491ffa314143230ab5a1cb480ee50374.jpg, 0, 0, 1, 0
mange-7-_jpg.rf.494a1c34e0f3ce17e9bdea0597410e3a.jpg, 0, 0, 0, 1
Thank-you-all-for-your-support_00085_jpg.rf.48eb21e978a2efb327da99f1cec85a6d.jpg, 1, 0, 0, 0
1000011981_x4_jpg.rf.4c364cbd3dbfc8c2618d19e6b8d89e7e.jpg, 0, 0, 0, 1
aug_0_8454_jpeg.rf.4d5e1ad334c9eea56721c8eb6f557291.jpg, 0, 0, 0, 1
aug_0_8465_jpeg.rf.4971eded6a4286b9a11b0c71ce09a29f.jpg, 0, 0, 1, 0
70600559_2813720901974687_5512732589049249792_n_jpg.rf.48e47c5676e0af5b2a783b9fcfe39e2c.jpg, 0, 0, 0, 1
Image_67_jpeg.rf.48a077e2baafdc94ea299090e0046690.jpg, 1, 0, 0, 0
Owners-usually-don-t-get-a-good-vote-of-just-how-big-hotspots_00357_jpg.rf.4ae2a67d4d58202fdbe10110cb9c88a6.jpg, 1, 0, 0, 0
Thank-you-all-for-your-support_00007_jpg.rf.4d12ff5e1e3dd372ffb6a9c0602a2578.jpg, 1, 0, 0, 0
Day-28-of-ringworm-treatment_00001_jpg.rf.4a5ae5b25fb8ffc2a2f092d31234580b.jpg, 0, 0, 1, 0
May-is-allergy-awareness-month-here-at-The-Shot-Spot_00046_jpg.rf.48d1490f1e27f13e734e09d5a3012683.jpg, 1, 0, 0, 0
hotspot-66-_jpg.rf.4a5bf86405a13859a9b0c940b8094f80.jpg, 1, 0, 0, 0
1000010769_x16_jpg.rf.4adcc9c43565938d1b461253fa617221.jpg, 1, 0, 0, 0
Thank-you-all-for-your-support_00004_jpg.rf.4cf2f4304f0cb57ed2482f8a4c0872eb.jpg, 1, 0, 0, 0
flea_allergy-63-_jpg.rf.4d315ca4f09e4d1c9735fd7279b93624.jpg, 0, 1, 0, 0
1000011963_x4_jpg.rf.4a3312c654a131b501ff74b6f4a1038f.jpg, 0, 0, 1, 0
May-is-allergy-awareness-month-here-at-The-Shot-Spot_01675_jpg.rf.4cffa7855e15eada272c7cc3cc83aa2c.jpg, 1, 0, 0, 0
I-thought-this-was-an-Ingrown-hair-in-my-dogs-toe-grass-seed-removal-000005_png_jpg.rf.46a244aac853e2340f44ae1e6326a942.jpg, 0, 1, 0, 0
1000010600_x4_jpg.rf.8586d99f3e22c418b3b568483eb71d9b.jpg, 0, 1, 0, 0
Image_62_jpg.rf.8707fd6af487256a2bc779ab4d0758d3.jpg, 0, 1, 0, 0
1t_png_jpg.rf.87deda0f238b14c9864e3b62ce49c635.jpg, 0, 0, 1, 0
flea_allergy-18-_jpg.rf.8768ddd061289a608b9e12a97f88f30d.jpg, 0, 1, 0, 0
jenniferbaxter03_00366_jpg.rf.87a7b57cef7dc0712051369b680e49c2.jpg, 0, 1, 0, 0
69779474_2813720978641346_3471018570912104448_n_jpg.rf.870fa08e81e3151d402e68efffef7ab6.jpg, 0, 0, 1, 0
aug_0_4538_jpeg.rf.85edd749e6bee1914170c2b710f8f2d9.jpg, 0, 0, 1, 0
HOT-SPOT-IN-DOG-HOW-vet-treated-symptom-prevention_-flea-bite-moist-eczema_dog-itching-000496_png_jpg.rf.85509d9d9916ae490fe4371ebb986800.jpg, 1, 0, 0, 0
1000010697_x16_jpg.rf.8a2e5cb44a73f7cb0e69a8d45370efa0.jpg, 1, 0, 0, 0
aug_0_5577_jpeg.rf.86dbf475b36f52db0b14b44e8500f82e.jpg, 1, 0, 0, 0
Image_34_jpg.rf.8a0a64209e77ee0fedf92cbdd5ba2769.jpg, 0, 1, 0, 0
36_PNG_jpg.rf.85e6cab9083135abf6bee418bedba28f.jpg, 0, 0, 1, 0
plaque-225x300_x16_jpg.rf.8a33c00976f9ff1fd62c4651f983c2e9.jpg, 0, 1, 0, 0
May-is-allergy-awareness-month-here-at-The-Shot-Spot_00016_jpg.rf.88c20357118e86ca615841615ac5bee1.jpg, 1, 0, 0, 0
aug_0_7473_jpeg.rf.877d6cb0856b56dc1cf9499e078ef609.jpg, 0, 1, 0, 0
1000010724_x16_jpg.rf.8879cf67dbe6874d0e53ef53585f871c.jpg, 0, 0, 0, 1
Hot-Spot-on-_Chance_-How-to-treat-a-dog-that-you-can_t-touch_-000621_png_jpg.rf.879c4afff6dee2fdfa1906a57e58d3f2.jpg, 1, 0, 0, 0
HOT-SPOT-IN-DOG-HOW-vet-treated-symptom-prevention_-flea-bite-moist-eczema_dog-itching-000477_png_jpg.rf.8865bd7d92fdb272243c134b0185f941.jpg, 1, 0, 0, 0
Image_45_jpg.rf.8759a602f277578c6266829b632217c6.jpg, 0, 0, 1, 0
hot-spots-suck_00223_jpg.rf.89db18cc769b74bd4935ec01c9bf6e8e.jpg, 1, 0, 0, 0
hotspot-13-_jpg.rf.887dd1702ab14af14ac86dc367b97f21.jpg, 1, 0, 0, 0
Multi-resistant-Staphylococcal-Bacterial-Infection-German-Spitz-4-2048x1036_jpg.rf.86e9b0b29d382ba98f0a3262fe01bb57.jpg, 0, 1, 0, 0
aug_0_2650_jpeg.rf.8a3bcb1a4a7ce9a3f9228b3c74777101.jpg, 0, 1, 0, 0
aug_0_5289_jpeg.rf.8a33ad7961e7dffa43e757a942c33a1c.jpg, 0, 0, 1, 0
Image_35_jpg.rf.8a789dac094e94110e53e1a48a8d7cd3.jpg, 0, 1, 0, 0
Image_77-2-_jpg.rf.8a41fda7225f5db89aeebb5441a8e536.jpg, 1, 0, 0, 0
Image_12-2-_jpg.rf.8e00a6f2ca616f2aba54f2d417ba2f0f.jpg, 0, 1, 0, 0
Image_46_jpg.rf.8b2a42e4d3a931b0e31f25b56623ee26.jpg, 0, 0, 1, 0
1000010521_x16_jpg.rf.8af82d2228e938ebf68ff9376e3535b9.jpg, 0, 0, 0, 1
May-is-allergy-awareness-month-here-at-The-Shot-Spot_00085_jpg.rf.8b1504dbe0f9772e125652be45c7f5f6.jpg, 1, 0, 0, 0
1000010528_x4_jpg.rf.8b45cae630e11da7d9fe1e01cdb1cf00.jpg, 0, 0, 1, 0
Owners-usually-don-t-get-a-good-vote-of-just-how-big-hotspots_00025_jpg.rf.852dc8fbf035d6ddebd19aec35f28256.jpg, 0, 1, 0, 0
mange-14-_jpg.rf.8e5c36b738af9c918a684c0d725e36d0.jpg, 0, 0, 0, 1
hot-spots-suck_00103_jpg.rf.8bc10970157a20df333875b75e9f6f1f.jpg, 1, 0, 0, 0
flea_allergy-68-_jpg.rf.8d45b09eb33aff788f0cd142c7a7a5b9.jpg, 0, 1, 0, 0
Thank-you-all-for-your-support_00064_jpg.rf.8b3f69cab1a4ee2a0bb6dbe0bae09852.jpg, 1, 0, 0, 0
1000010577_x4_jpg.rf.8c4b67f06ffbe68e6fc8062da3fff463.jpg, 1, 0, 0, 0
May-is-allergy-awareness-month-here-at-The-Shot-Spot_01918_jpg.rf.8bdc5c4f039b27c5988c523976fed9da.jpg, 1, 0, 0, 0
37w_png_jpg.rf.8da8927ce1b55e6c8029922f6a43749e.jpg, 0, 0, 1, 0
aug_0_1613_jpeg.rf.8b83ea0ac25e8f73639328dd95c98af9.jpg, 0, 1, 0, 0
aug_0_2709_jpeg.rf.8e4d8563f53d65a1a6854a2aec910de9.jpg, 1, 0, 0, 0
flea_allergy-39-_jpg.rf.8e3f9a020321b1da81830b15878d706a.jpg, 0, 1, 0, 0
1af1e05f9bea841e74c3ef58a2aa86841c3b929c_jpeg_jpg.rf.866a8e98014377b648475c50278c694b.jpg, 0, 1, 0, 1
hotspot-24-_jpg.rf.8d867d338c02ca165e767acc713f3ea2.jpg, 1, 0, 0, 0
OIP-20-_x4_jpg.rf.8b7d6e25560360585f729d4f73ce19ee.jpg, 1, 0, 0, 0
Image_12-2-_jpg.rf.8e9e853db2ef03d835ee51d4aa2ec6e0.jpg, 1, 0, 0, 0
hotspot-41-_jpg.rf.8e7db9adc5af9121acaa4e16c401749e.jpg, 1, 0, 0, 0
mange-8-_jpg.rf.8fa0f0f63f52299663221890bad94356.jpg, 0, 0, 0, 1
143539111_266046041593593_2826120553753353940_n_jpg.rf.904f368d42a837f4bac919d37cab65be.jpg, 1, 0, 0, 0
2012-04-16_170016_img_2493_jpg.rf.9334cb160f3c267863d164c18da95d72.jpg, 0, 0, 0, 1
aug_0_3260_jpeg.rf.918821a2627208102e985f088d23444b.jpg, 0, 0, 1, 0
flea_allergy-25-_jpg.rf.91ad5730fded02cc0c9b523b24a093b1.jpg, 0, 1, 0, 0
aug_0_9479_jpeg.rf.8f3d169aae926ce8987039301d401a22.jpg, 1, 0, 0, 0
1000010682_x16_jpg.rf.8fa74e8c1f47748c2ce37e5eee49844e.jpg, 0, 0, 1, 0
1000010596_x4_jpg.rf.901f8e949399d629009238ee12fe78e4.jpg, 0, 1, 0, 0
The-perfect-way-to-apply-the-Hot-Spot-Gel_00550_jpg.rf.937e79c69ed0a841d03fc182b1655635.jpg, 0, 0, 0, 1
1000010687_x16_jpg.rf.90d0cd42407d2d3cba50d438ed4eb9ed.jpg, 0, 0, 0, 1
May-is-allergy-awareness-month-here-at-The-Shot-Spot_02797_jpg.rf.9037e99e17a1248443d7585d91fce191.jpg, 1, 0, 0, 0
aug_0_4341_jpeg.rf.92e2fa799c6033d4676d584f212a891d.jpg, 0, 0, 1, 0
aug_0_6751_jpeg.rf.91cd124c455c914c8d8fcdbe8acf8a4c.jpg, 1, 0, 0, 0
Image_26_jpg.rf.9052d0847068406cda4793b084e802ed.jpg, 0, 0, 1, 0
aug1_jpeg.rf.904f3328a8f0650aaeef8d15b3bf42f3.jpg, 1, 0, 0, 0
Image_38_jpg.rf.92c3282b223836a296779db0ee8934cd.jpg, 0, 0, 1, 0
1000010728_x16_jpg.rf.9155139387bb19254f8b82cb0c593a75.jpg, 1, 0, 0, 0
1000010777_x4_jpg.rf.92f7e3808e28b781faf252723400444f.jpg, 0, 0, 0, 1
HOT-SPOT-IN-DOG-HOW-vet-treated-symptom-prevention_-flea-bite-moist-eczema_dog-itching-000480_png_jpg.rf.90a020b41bbbce484f86f07cc0b7885a.jpg, 1, 0, 0, 0
aug4_jpg.rf.914905044474893203c5ce44d15485a1.jpg, 1, 0, 0, 0
Image_23_JPG.rf.936916397b28b35d2516a27a6d1146c3.jpg, 1, 0, 0, 0
4a_png_jpg.rf.92c255d3fc579c6f31a030029c36e199.jpg, 0, 0, 1, 0
hotspot-42-_jpg.rf.918637fe485fac666b87d87e33fa95a6.jpg, 1, 0, 0, 0
1000010749_x16_jpg.rf.90a9507d8273554a1cdb12c284b03fbe.jpg, 1, 0, 0, 0
flea_allergy-31-_jpg.rf.9225109177edb1f4d063e6b090415c91.jpg, 0, 1, 0, 0
aug_0_7047_jpeg.rf.93d074a77e85ad2c6e0e2a83750ba3d6.jpg, 1, 0, 0, 0
image_20_jpg.rf.93827db4b56544f5c9ef1316993dcac9.jpg, 0, 1, 0, 0
aug_0_2973_jpeg.rf.946447900e17eec3437e93a4b7b62d40.jpg, 0, 1, 0, 0
aug_0_2846_jpeg.rf.94839923b7aad4ae0f5625bc2cb6de72.jpg, 0, 1, 0, 0
hot-spots-suck_00235_jpg.rf.96c8e7c325b556e838aa8f1ff02c4144.jpg, 1, 0, 0, 0
Poodle-hotspot-care-000115_png_jpg.rf.97a50694af09e4adb30b415e4cf2166a.jpg, 0, 1, 0, 0
Day-4-of-ringworm-treatment_00341_jpg.rf.970d85d10783dae45798f6de75ad5d44.jpg, 0, 0, 1, 0
Image_8-3-_jpg.rf.947748b5524b97afddd52371be51e1c5.jpg, 1, 0, 0, 0
hotspot-68-_jpg.rf.96305ed1089ccdff7f7b80d2276468ba.jpg, 1, 0, 0, 0
aug_0_7804_jpeg.rf.960487cfcdfb28eb6f26e561f09578f1.jpg, 1, 0, 0, 0
flea_allergy-15-_jpg.rf.9908408c704c346c0e6db61d25ac2adf.jpg, 0, 1, 0, 0
296327617_10223333354745759_96123069612573010_n_jpg.rf.94e751af0d130b82413dc38592fa9ef7.jpg, 1, 0, 0, 0
hot-spots-suck_00328_jpg.rf.979d9d22fb53b35f498e2d7739ccf19c.jpg, 1, 0, 0, 0
May-is-allergy-awareness-month-here-at-The-Shot-Spot_01363_jpg.rf.96d4ec125c2a9dd4dd2929ae97a857b1.jpg, 1, 0, 0, 0
hotspot-37-_jpg.rf.97e9eaf875c32d78d0c0340b13ab054b.jpg, 1, 0, 0, 0
hotspot-84-_jpg.rf.9817cea6d136c0f061423e00a1e8ec61.jpg, 1, 0, 0, 0
1000010662_x16_jpg.rf.985eabd69a92b84194f31ce707d03b88.jpg, 0, 1, 0, 0
2a_jpg.rf.946ac88b3a3e32502bfc107dd284dae6.jpg, 0, 0, 1, 0
4p_png_jpg.rf.990c59a5b44009389de480a067add71a.jpg, 0, 0, 1, 0
mange-34-_jpg.rf.97d1c2f9da9b5fb1d7d07701af42ac08.jpg, 0, 0, 0, 1
May-is-allergy-awareness-month-here-at-The-Shot-Spot_00550_jpg.rf.94c74f865bf17001d2977114754cd50c.jpg, 1, 0, 0, 0
Canine_lick_granuloma_jpg.rf.982961c02758acdfcea9c3a4ddb6433a.jpg, 1, 0, 0, 0
1y_png_jpg.rf.99309fb852b7bcb71daa4e3e4da17a64.jpg, 0, 0, 1, 0
Image_78_jpg.rf.947bf51b271dd226a0ba0e85efb5914b.jpg, 1, 0, 0, 0
May-is-allergy-awareness-month-here-at-The-Shot-Spot_02251_jpg.rf.97114edac4ba3614aaa3ef6c5638c651.jpg, 1, 0, 0, 0
1000010679_x4_jpg.rf.94a4abf665b93f74bdc815a23228a6ea.jpg, 0, 0, 0, 1
Hot-Spot-on-_Chance_-How-to-treat-a-dog-that-you-can_t-touch_-000624_png_jpg.rf.98da755dc27279d3031f76fb222c9279.jpg, 1, 0, 0, 0
Image_79-2-_jpg.rf.97991d9c0a06d41b51a45a6f6e5b0b04.jpg, 0, 0, 1, 0
flea_allergy-4-_jpg.rf.99752fea48a62064836293e810934f76.jpg, 0, 1, 0, 0
aug_0_5909_jpeg.rf.995d3c29112eefee6b3fdc4117f0c10d.jpg, 0, 1, 0, 0
1000010566_x16_jpg.rf.99a7100c907a686300ab1c14ff8f8e20.jpg, 0, 0, 1, 0
Image_23-2-_jpg.rf.9a38ef0b5ca44a6dfb0abac8201854b7.jpg, 0, 1, 0, 0
Poodle-hotspot-care-000124_png_jpg.rf.99ebb3226280f0e87db58ae5c974267f.jpg, 0, 1, 0, 0
2009-2652-Yegar-M-Canis-Cafhwas_jpg.rf.9b1c73b82cb1cdc2b839151b261f403b.jpg, 0, 0, 1, 0
1000010651_x16_jpg.rf.9bec9674076b54226641f2202cbb9cf3.jpg, 0, 0, 1, 0
Image_40_jpg.rf.9b9e4a611776b97a204f50a2cf45ff09.jpg, 0, 0, 1, 0
1000010767_x16_jpg.rf.9b7ee3b6c28e9b8c2e3ec8c15034c091.jpg, 0, 0, 0, 1
Image_2-3-_jpg.rf.9cd28b20c18f166fa0ac23f4c1930dc0.jpg, 1, 0, 0, 0
hotspot-70-_jpg.rf.9e3afd5fef5a5c52a76eac5aeb2a89cc.jpg, 1, 0, 0, 0
Image_46-2-_jpg.rf.9c359d4484f16d6f0aee9ce5a8e81fb0.jpg, 0, 0, 1, 0
May-is-allergy-awareness-month-here-at-The-Shot-Spot_01663_jpg.rf.9e9136a4a95a1cb9476a68749f47bfeb.jpg, 1, 0, 0, 0
mange-40-_jpg.rf.9dd0398d077614b6d625cb5a4d878191.jpg, 0, 0, 0, 1
1000010781_x16_jpg.rf.9cbf40fb1bc680eb7f6c83be1d229511.jpg, 1, 0, 0, 0
1000010503_x16_jpg.rf.9c6ef9011884fc8cc30aa4b2134f821d.jpg, 0, 0, 1, 0
2_jpg.rf.9cc7b044b4715a608cf68fa0b76d4ff9.jpg, 0, 0, 1, 0
May-is-allergy-awareness-month-here-at-The-Shot-Spot_00025_jpg.rf.9e675055d4365d44220ef9e14dec01fc.jpg, 1, 0, 0, 0
aug_0_1674_jpeg.rf.9acafe647a57b2989b713cfa6936466e.jpg, 0, 1, 0, 0
aug_0_4530_jpeg.rf.99ebebf7aa4c758fb5afd5383b7dbbb6.jpg, 1, 0, 0, 0
mange-31-_jpg.rf.9bddce08797bedb2cbd49b285d758457.jpg, 0, 0, 0, 1
Owners-usually-don-t-get-a-good-vote-of-just-how-big-hotspots_00345_jpg.rf.9d4b11a91e4defdfb595b013c23b091d.jpg, 1, 0, 0, 0
HOT-SPOT-IN-DOG-HOW-vet-treated-symptom-prevention_-flea-bite-moist-eczema_dog-itching-000499_png_jpg.rf.9e7e453da8a5cd85c80f334ef7ba0dd8.jpg, 1, 0, 0, 0
Owners-usually-don-t-get-a-good-vote-of-just-how-big-hotspots_00029_jpg.rf.9e8d61cc9ab61d2094cdf9315f4d5ad0.jpg, 0, 1, 0, 0
Hot-Spot-on-_Chance_-How-to-treat-a-dog-that-you-can_t-touch_-000616_png_jpg.rf.9bdc84fbdac135dbb0510b2ca35cbaa4.jpg, 1, 0, 0, 0
mange-25-_jpg.rf.9c7b650cc030b99d1798162a153bba21.jpg, 0, 0, 0, 1
flea_allergy-55-_jpg.rf.9ecf9446edc5d236f8f5f65a99417e80.jpg, 0, 1, 0, 0
Image_52-4-_jpg.rf.9f5d22d2486e5d1f22b5c863f529b97a.jpg, 1, 0, 0, 0
aug_0_3907_jpeg.rf.9f7be63009772b05e10232d828c65007.jpg, 0, 1, 0, 0
OIP-5-_x4_jpg.rf.a2c9e480910179a9ae9a52b38253648c.jpg, 1, 1, 0, 0
1000010530_x16_jpg.rf.a08f1f309c7806549377e4fcb0ad6c1f.jpg, 0, 0, 0, 1
Dog-hot-spot_jpg.rf.a0463431b20513d0b453fa07b40814cc.jpg, 1, 0, 0, 0
1000010597_x4_jpg.rf.a0071581ae72029219892630fefa6438.jpg, 1, 0, 0, 0
1000010628_x4_jpg.rf.a05fb5b3f81debd4ebbd05127eb53cc6.jpg, 1, 0, 0, 0
hotspot-12-_jpg.rf.a33d5edb994d407f0514b094ccf8355e.jpg, 1, 0, 0, 0
hot-spots-suck_00028_jpg.rf.a2c6eb20d83f9e10ce3809e769ee626b.jpg, 1, 0, 0, 0
1000010700_x16_jpg.rf.a4093bf0ad372c7f1b5cc4d7c64e9bb5.jpg, 1, 0, 0, 0
Image_60-2-_jpg.rf.a0c1a3de33a8431bf03b11a046a783bf.jpg, 1, 0, 0, 0
Image_56_jpg.rf.9f3ec95e465ff78c7df070f6c8ff241c.jpg, 0, 1, 0, 0
The-perfect-way-to-apply-the-Hot-Spot-Gel_00535_jpg.rf.a2c6ea53b8d31facccf8f3782cbb3f03.jpg, 0, 0, 0, 1
May-is-allergy-awareness-month-here-at-The-Shot-Spot_02176_jpg.rf.a34ce1e4c3a27d9bf629f7a749e1be12.jpg, 1, 0, 0, 0
Image_17-4-_jpg.rf.a3d2d30366fde51f08591fe6207e6331.jpg, 1, 0, 0, 0
Owners-usually-don-t-get-a-good-vote-of-just-how-big-hotspots_00021_jpg.rf.a22d3c4bd3619f0ad82918df233bc8f7.jpg, 0, 1, 0, 0
1000010744_x16_jpg.rf.a46a5106f5e0f4598967649d15b18352.jpg, 0, 1, 0, 0
aug_0_1913_jpeg.rf.9d00f38d81a52c8a18096771ca37fe9a.jpg, 0, 1, 0, 0
hotspot-19-_jpg.rf.9ffb04b7fa03fd76e530cdc82027c20c.jpg, 0, 1, 0, 0
Poodle-hotspot-care-000112_png_jpg.rf.a146fb328d7765b6ae210d5f7d79919e.jpg, 0, 1, 0, 0
mange-57-_jpg.rf.a2b0638e28b9de40d4fa0ca95dd4b2fb.jpg, 0, 0, 0, 1
Image_21_JPG.rf.a479ce6378e8aa84a45ea1be4b5f36c6.jpg, 1, 0, 0, 0
Image_5_jpg.rf.a381937a65ddf279ae33b893fe7327c5.jpg, 0, 0, 1, 0
mange-39-_jpg.rf.a0d7a4b678608edc9fc27c73a341ae9f.jpg, 1, 0, 0, 0
HOT-SPOT-IN-DOG-HOW-vet-treated-symptom-prevention_-flea-bite-moist-eczema_dog-itching-000501_png_jpg.rf.a348c6c67da356e0b26cf87354156930.jpg, 1, 0, 0, 0
aug_0_5446_jpeg.rf.a4d923d6802cd9abe592bf327f22828f.jpg, 0, 1, 0, 0
May-is-allergy-awareness-month-here-at-The-Shot-Spot_00136_jpg.rf.a4c6e9506ab306012852c40f167c7b8d.jpg, 1, 0, 0, 0
1000010722_x4_jpg.rf.a46a558f0bfb7095332f9a3ce0ec9cd8.jpg, 0, 0, 0, 1
mange-52-_jpg.rf.a5b4371227bf9ab8fb109f1fd0d19980.jpg, 0, 0, 0, 1
1000010644_x16_jpg.rf.aa4d925a661025a857a2365b2cdb14ca.jpg, 0, 0, 1, 0
hotspot-105-_jpg.rf.a98be7a3306513f194ee37d2be281653.jpg, 1, 0, 0, 0
flea_allergy-11-_jpg.rf.a6332618ef4d3659bd0af164396376a2.jpg, 0, 1, 0, 0
hotspot-8-_jpg.rf.a5c33a57baf3a23c867514cb1d59e53d.jpg, 1, 0, 0, 0
OIP-14-_x4_jpg.rf.a5b311054d9bc599926bf390eb5234a8.jpg, 0, 1, 0, 0
OIP-19-_x16_jpg.rf.a9887821ded7fd9efacab09ddcccf2d0.jpg, 0, 1, 0, 0
1000010753_x16_jpg.rf.a9fbaf52dd9899851181533298fdfd5d.jpg, 1, 0, 0, 0
37y_png_jpg.rf.a79ab5d313ad18407e5aec33d21c09c9.jpg, 0, 0, 1, 0
36u_png_jpg.rf.a7570d25dc804d83cef6667efa578070.jpg, 0, 0, 1, 0
80b5eb_799a7e6d4c1444318ee3e4280_jpg.rf.aa4dceec3ea18aab90219674a167aa26.jpg, 0, 0, 1, 0
Day-1-of-ringworm-treatment_00151_jpg.rf.aaa99c45614cab0647e7f61f68875fa2.jpg, 0, 0, 1, 0
Image_50_jpg.rf.aacd9f4d4ce19886402db5652892124e.jpg, 0, 0, 1, 0
aug_0_8957_jpeg.rf.a5c6a3c81bf4cbd3bae65613a7541b96.jpg, 0, 0, 1, 0
1000010501_x4_jpg.rf.aa375ad47ef469b6a2115648f8535b32.jpg, 0, 0, 1, 0
hotspot-101-_jpg.rf.aab2c2a1389e8a6148a3ed57365eb27a.jpg, 1, 0, 0, 0
HOT-SPOT-IN-DOG-HOW-vet-treated-symptom-prevention_-flea-bite-moist-eczema_dog-itching-000152_png_jpg.rf.aaaf16ec972be68b06883626f063508b.jpg, 1, 0, 0, 0
May-is-allergy-awareness-month-here-at-The-Shot-Spot_01567_jpg.rf.a631e2ca5e1f0ba75a92a71156aabf49.jpg, 1, 0, 0, 0
2009-2652-Yegar-M-Canis-Cafhw_jpg.rf.aad91c1adacdf95e1dee94b4a5ea500b.jpg, 0, 0, 1, 0
1000011976_x4_jpg.rf.ab39223c81ba254218421b9b00210ab1.jpg, 0, 0, 0, 1
May-is-allergy-awareness-month-here-at-The-Shot-Spot_02323_jpg.rf.a5d433ce8f04981153f88795207b8b97.jpg, 1, 0, 0, 0
Image_22-2-_jpg.rf.aa97ad668efc9baf5600eef365261f9d.jpg, 0, 0, 1, 0
Image_50-2-_jpg.rf.ab968a677a7bc7640cd02bba53766db4.jpg, 1, 0, 0, 0
36q_png_jpg.rf.ac82885804278ed09abda2e7124fc5c1.jpg, 0, 0, 1, 0
Poodle-hotspot-care-000129_png_jpg.rf.abdc0b377121e47af67810598469ff9b.jpg, 0, 1, 0, 0
1000010549_x16_jpg.rf.abfa4341a24f0844f61b576673a43af7.jpg, 1, 0, 0, 0
aug_0_6499_jpeg.rf.ad653de9573ddf642f0db8eae1b8a20a.jpg, 0, 0, 1, 0
357377596_6687636537926845_196811127851933343_n_jpg.rf.ac0ab8a476ce296f0a0165b375c6c87a.jpg, 0, 0, 0, 1
hotspot-72-_jpg.rf.ac331adfe9f135576c0cf2c134fb133a.jpg, 1, 0, 0, 0
aug_0_8531_jpeg.rf.ab62c2d4f9cd96dde568067275db6db7.jpg, 0, 0, 1, 0
hot-spots-suck_00100_jpg.rf.ace9fa82eb6137ad2240012e526c22db.jpg, 1, 0, 0, 0
278372566_1115287789314455_1249966033354804477_n_jpg.rf.acd8177407b629eed9a1f1eec1c2152a.jpg, 0, 0, 1, 0
Poodle-hotspot-care-000117_png_jpg.rf.ad0e4d4e281ce3c187d32cd95455d895.jpg, 0, 1, 0, 0
36_PNG_jpg.rf.a934d9d87a97f2ec7b2c62a73d5bab5e.jpg, 0, 0, 1, 0
IMG_4525_jpg.rf.a8dc5450ce4c855e80a6e47dfe65c224.jpg, 1, 0, 0, 0
mange-4-_jpg.rf.aedcdccf07367e9a0faaca893dbd840b.jpg, 0, 0, 0, 1
1000010557_x4_jpg.rf.af03cf6c00993e07c9ceda269af9d7e7.jpg, 0, 0, 0, 1
HOT-SPOT-IN-DOG-HOW-vet-treated-symptom-prevention_-flea-bite-moist-eczema_dog-itching-000458_png_jpg.rf.b0a23cfb4b57a822151f116f1ea5961a.jpg, 1, 0, 0, 0
340935545_1564725817350843_3975094440924812534_n_jpg.rf.aebd2a67220ab9dac9c47cc185b1533d.jpg, 0, 0, 0, 1
aug_0_6889_jpeg.rf.ae57c28fe8c2e171401486c6e66824a6.jpg, 1, 0, 0, 0
36t_png_jpg.rf.af14bc10985b919447861c132628e1d4.jpg, 0, 0, 1, 0
1000010750_x16_jpg.rf.acd41c61e5a3c343c9f1f4be9149f5a3.jpg, 0, 0, 0, 1
Image_17-2-_jpeg.rf.adbfbfb18d7c3fbef4db934a0d7c561d.jpg, 1, 0, 0, 0
1000010656_x16_jpg.rf.aed4ab0ec6845ad43d490985c466cce8.jpg, 1, 0, 0, 0
Image_65_jpg.rf.ae180c00de3100da82ab48bcbca0bf5e.jpg, 1, 0, 0, 0
HOT-SPOT-IN-DOG-HOW-vet-treated-symptom-prevention_-flea-bite-moist-eczema_dog-itching-000455_png_jpg.rf.b1b1733ae852cf0c093ce3ad8429d000.jpg, 1, 0, 0, 0
flea_allergy-54-_jpg.rf.afbab8a6daaa0be543b07763408d0c9f.jpg, 0, 1, 0, 0
1000010758_x16_jpg.rf.b0255577fbfe6f1d59abe7e2c54fd6ce.jpg, 1, 0, 0, 0
HOT-SPOT-IN-DOG-HOW-vet-treated-symptom-prevention_-flea-bite-moist-eczema_dog-itching-000482_png_jpg.rf.afcc4dfed1d534581fdbc85a5ae8d627.jpg, 1, 0, 0, 0
aug_0_6658_jpeg.rf.ab0de81f3b45f25fa8b08851e01ca382.jpg, 1, 0, 0, 0
hotspot-64-_jpg.rf.aee83790ee63be0896384e96b14c0848.jpg, 1, 0, 0, 0
I-thought-this-was-an-Ingrown-hair-in-my-dogs-toe-grass-seed-removal-000001_png_jpg.rf.ad9d97f4ab322bc9a76da18a8ff41705.jpg, 0, 1, 0, 0
aug_0_724_jpeg.rf.b2c474403231d73532d3ad0058720b3a.jpg, 0, 0, 0, 1
photo_jpg.rf.b2bd37d961b1d63b339cd090b49140c6.jpg, 1, 0, 0, 0
Image_76-2-_jpg.rf.b2aa17a1ffb28f55bdb7707720abe0b9.jpg, 0, 1, 0, 0
aug_0_3596_jpeg.rf.b3c2f373c861565fc7ac166c709eb197.jpg, 0, 1, 0, 0
aug_0_167_jpeg.rf.b2599f884de5093d5cc4298861f7a57b.jpg, 0, 0, 0, 1
Image_11-2-_jpg.rf.b0c3674811cccae71b809fc18dce210e.jpg, 0, 0, 1, 0
May-is-allergy-awareness-month-here-at-The-Shot-Spot_01453_jpg.rf.b324926f73c92f32dbe09bc10b0cca90.jpg, 1, 0, 0, 0
hot-spots-suck_00286_jpg.rf.b4508e872a470c00533dd83959b3330d.jpg, 1, 0, 0, 0
aug_0_6170_jpeg.rf.ba14a515888bd10cde8f3e360a881c20.jpg, 0, 1, 0, 0
mange-63-_jpg.rf.b302d7b405907ec9752fc58ad0068e33.jpg, 0, 0, 0, 1
Day-1-of-ringworm-treatment_00001_jpg.rf.b7fad2977ae5e89885dfd569ae1ce9fc.jpg, 0, 0, 1, 0
hot-spots-suck_00043_jpg.rf.b6f63bff08fd741fd0910af1e75f4350.jpg, 1, 0, 0, 0
A332365_1_En_4_Fig38_HTML_x4_jpg.rf.b3f173553333e7c4bb826683a87285d4.jpg, 1, 0, 1, 0
May-is-allergy-awareness-month-here-at-The-Shot-Spot_00028_jpg.rf.b6bbb2da5e0cbcf9ef275d38f6fb56b8.jpg, 1, 0, 0, 0
Hot-Spot-on-_Chance_-How-to-treat-a-dog-that-you-can_t-touch_-000623_png_jpg.rf.b8cbfa6146d503da6aaf79f1e3ed65a9.jpg, 1, 0, 0, 0
mange-5-_jpg.rf.b46b2c5f2e7a90e4e0d59dca799fe512.jpg, 0, 0, 0, 1
flea_allergy-76-_jpg.rf.b7769395535c84751cee3072b94ad982.jpg, 0, 1, 0, 0
The-perfect-way-to-apply-the-Hot-Spot-Gel_00538_jpg.rf.b48a5b3848156d412acf2ea4fc090919.jpg, 0, 0, 0, 1
Image_71-4-_JPG.rf.b7f68efaaf28b42f36339d099a5f7f29.jpg, 1, 0, 0, 0
hotspot-40-_jpg.rf.b9fe134510003ee203170f16a8b8578c.jpg, 1, 0, 0, 0
Owners-usually-don-t-get-a-good-vote-of-just-how-big-hotspots_00349_jpg.rf.b7d71db5d1adb6a662ecbf1112ca0290.jpg, 1, 0, 0, 0
flea_allergy-94-_jpg.rf.b3d73f56d12dbed3821108d76b136654.jpg, 0, 0, 0, 0
Image_20-3-_jpg.rf.b3da1e8aacba5df6bb67e56bf520c8f8.jpg, 0, 1, 0, 0
hotspot-46-_jpg.rf.b1ab802ec93001d11af3c189d6d76847.jpg, 1, 0, 0, 0
37_PNG_jpg.rf.b88a1977c3e612c074ce0a5f847f5298.jpg, 0, 0, 1, 0
1000010647_x16_jpg.rf.bb893a48f240e33d7ceca2b68a6ec969.jpg, 0, 1, 0, 0
1000010673_x16_jpg.rf.bb5d29eab3e234e01b217685175d3847.jpg, 1, 0, 0, 0
hotspot-113-_jpg.rf.bad39c5ba8004d3b1301deca3a886706.jpg, 1, 0, 0, 0
Image_39_jpg.rf.bbbf449343720d254b465d6fb1987829.jpg, 0, 0, 1, 0
1000010613_x4_jpg.rf.b4637e5d54f0721bf3cbb905882f2890.jpg, 0, 0, 1, 0
flea_allergy-22-_jpg.rf.ba292cd99955a850f69ce917e54d3901.jpg, 0, 1, 0, 0
OIP-2-_x16_jpg.rf.bb1acf88146e9041fa3437e93a8c26ce.jpg, 0, 1, 0, 0
aug_0_5348_jpeg.rf.bd659bd66395d94c14e6d111635953e4.jpg, 1, 0, 0, 0
1000010607_x4_jpg.rf.ba213e429c1dd215fd700ae1b47b503d.jpg, 1, 0, 0, 0
Poodle-hotspot-care-000002_png_jpg.rf.bc456d34913b012bcdf2775bb4093ab9.jpg, 0, 1, 0, 0
aug_0_7532_jpeg.rf.bd9e0af81ac5486d5cdb8cc671bf065f.jpg, 0, 1, 0, 0
Reply-to-don-t-let-your-dog-suffer-in-silence_00001_jpg.rf.bcc6b2f6b3bb9805034299be7699ffd9.jpg, 1, 0, 0, 0
1000010635_x4_jpg.rf.bd04fa9d1b578f8003bbc2541a432dec.jpg, 0, 0, 0, 1
hotspot-77-_jpg.rf.bd65c2e92d086dd4f70a1a2906d05e57.jpg, 1, 0, 0, 0
217702707_549389272771952_6096969687785169247_n_jpg.rf.bbbf8f1bbe19996b3d11f01590f3b0c1.jpg, 1, 0, 0, 0
hotspot-35-_jpg.rf.bcf75c4d7277e22947bf4dbf7efc0a10.jpg, 1, 0, 0, 0
Image_15-3-_jpg.rf.bcc20ab2ee342c8a0e2fe2440f0e7723.jpg, 0, 0, 0, 1
flea_allergy-70-_jpg.rf.bbcb54afab195d1176159657b6eeb0e4.jpg, 0, 1, 0, 0
HOT-SPOT-IN-DOG-HOW-vet-treated-symptom-prevention_-flea-bite-moist-eczema_dog-itching-000148_png_jpg.rf.fb57b5a9ff66a82acf15b41a35833d63.jpg, 1, 0, 0, 0
36u_png_jpg.rf.f9775c628345c074608f9234e403db4b.jpg, 0, 0, 1, 0
aug_0_4602_jpeg.rf.fb63c2126fe9a134a5bc1dc59ef6ea80.jpg, 0, 1, 0, 0
aug5_JPG.rf.f853d876459532d4736a6c729e7de48b.jpg, 0, 0, 0, 1
1000010543_x16_jpg.rf.f9f9a4a16dce8ddb65f6bbde3b315fcd.jpg, 1, 0, 0, 0
aug_0_7050_jpeg.rf.faff10aebdc9d33dcef76aad17825489.jpg, 1, 0, 0, 0
May-is-allergy-awareness-month-here-at-The-Shot-Spot_01972_jpg.rf.fb73ed957f857625d4a406e6b7e66b6c.jpg, 1, 0, 0, 0
image_16_jpg.rf.f88302798d1f5132d8e601731c3cf72c.jpg, 0, 1, 0, 0
HOT-SPOT-IN-DOG-HOW-vet-treated-symptom-prevention_-flea-bite-moist-eczema_dog-itching-000460_png_jpg.rf.fb5963a4b7914c78ba77d8459313c7f4.jpg, 1, 0, 0, 0
Image_78-4-_jpg.rf.fc23189dbfa108b5dc79fa7508551e66.jpg, 1, 0, 0, 0
image_1_jpg.rf.f812969e9ad8592c5d83d6a79708bf9d.jpg, 0, 1, 0, 0
Image_47_jpg.rf.f8e9ce1be091fd06c6096ea0cde2384c.jpg, 0, 0, 1, 0
aug_0_1635_jpeg.rf.f975b5b68dd45d2f8b07a3f7aa4ed85d.jpg, 0, 0, 0, 1
hotspot-108-_jpg.rf.fa6a46d56fd0c039a4b4ddfb926073af.jpg, 1, 0, 0, 0
aug_0_9313_jpeg.rf.f9287e3a4e1566adac3f6e788d978715.jpg, 0, 1, 0, 0
aug_0_2661_jpeg.rf.fa8922ba1c94c16db68449114347b64b.jpg, 1, 0, 0, 0
Image_24-3-_png.rf.f846282d3a9bd13d27544676dc930c61.jpg, 0, 1, 0, 0
Hot-Spot-on-_Chance_-How-to-treat-a-dog-that-you-can_t-touch_-000615_png_jpg.rf.fbd13a805294483bf1c31440fd7a349f.jpg, 1, 0, 0, 0
mange-53-_jpg.rf.f92db68aa7b24892f4cc695c5ef3f0a0.jpg, 0, 0, 0, 1
2_jpg.rf.f9da1604e15d04cacdcd1795f1708eb2.jpg, 0, 0, 1, 0
hotspot-38-_jpg.rf.f6f83876bb536aa9157287dba1e7502d.jpg, 1, 0, 0, 0
1000011971_x4_jpg.rf.f78e86d69be5ae185b89a07098b95fdb.jpg, 1, 0, 0, 0
May-is-allergy-awareness-month-here-at-The-Shot-Spot_00526_jpg.rf.fac713057eb595049de730531b0a3d3f.jpg, 1, 0, 0, 0
1000010768_x4_jpg.rf.fcf86e836372a12125c69982f74c99f8.jpg, 0, 0, 0, 1
HOT-SPOT-IN-DOG-HOW-vet-treated-symptom-prevention_-flea-bite-moist-eczema_dog-itching-000356_png_jpg.rf.fd0c304b1072b383836a5f4c4178adfe.jpg, 1, 0, 0, 0
mange-56-_jpg.rf.fd01e2fce2709dfc9ca41fab2ffc3bae.jpg, 0, 0, 0, 1
aug_0_3440_jpeg.rf.fb59eae02e81ba1cc5d723ca45745ac3.jpg, 0, 0, 1, 0
1000010548_x16_jpg.rf.fc9d1a022bd8fb4461fa5836b08973aa.jpg, 0, 0, 0, 1
Poodle-hotspot-care-000109_png_jpg.rf.fc5c7074a645ff68ac8d645558cc9ae4.jpg, 0, 1, 0, 0
aug_0_8049_jpeg.rf.fe063824ab959f977547e04496f15c5b.jpg, 0, 0, 0, 1
62521167_2293314700920873_300162319286009856_n_jpg.rf.fd3e2af021f78bff62315ba8948898af.jpg, 1, 0, 0, 0
Image_16-6-_jpg.rf.ff6b06d33585a517c39eaa81893f5220.jpg, 1, 0, 0, 0
mange-9-_jpg.rf.fe692fd814811a95a24fc9d145bfb89b.jpg, 0, 0, 0, 1
aug_0_1115_jpeg.rf.fe77dbc8b014a0a4f7a667fb54b6479b.jpg, 0, 1, 0, 0
Owners-usually-don-t-get-a-good-vote-of-just-how-big-hotspots_00353_jpg.rf.ff0a9e1306db6cb58650372a66deb987.jpg, 1, 0, 0, 0
1000010496_x4_jpg.rf.fdf942ff7cb31892bf5c328c902d3a25.jpg, 0, 0, 1, 0
aug_0_850_jpeg.rf.fff0cdbb3ce3637e95952a379ed4a52b.jpg, 0, 1, 0, 0
HOT-SPOT-IN-DOG-HOW-vet-treated-symptom-prevention_-flea-bite-moist-eczema_dog-itching-000466_png_jpg.rf.fffe56ac1e9b325f654afc35f43e0b1c.jpg, 1, 0, 0, 0
hot-spots-suck_00079_jpg.rf.ffb3892aff333540fef7d09153406f2c.jpg, 1, 0, 0, 0
aug_0_9322_jpeg.rf.4fe2c51cc738399fb10bdf33058499a4.jpg, 0, 0, 1, 0
1t_png_jpg.rf.51f043d4626ba8a572d72ce52b9d8fd3.jpg, 0, 0, 1, 0
flea_allergy-41-_jpg.rf.51c6966fee49e3f15b180aadb8a3287d.jpg, 0, 1, 0, 0
1000010534_x16_jpg.rf.500d0c545abca2064ed88d5f00948a78.jpg, 0, 0, 1, 0
aug_0_4306_jpeg.rf.505b7b6967d7de98534f997f441cda56.jpg, 0, 0, 0, 1
aug_0_3250_jpeg.rf.4f28ca30875f03de4ab0c45e2d7304de.jpg, 0, 0, 0, 1
mange-37-_jpg.rf.5153f7b66c99bded38e1dfa410bf3fe6.jpg, 0, 0, 0, 1
Image_27_jpg.rf.4d7feb94f54ba8975c4c414a119203df.jpg, 0, 1, 0, 0
1000010604_x4_jpg.rf.50eaad5e4625d22eeb33574a080caf04.jpg, 0, 0, 0, 1
Image_62_jpg.rf.4e112fc4eb2663eb274a233ef0729fcc.jpg, 1, 0, 0, 0
hot-spots-suck_00343_jpg.rf.4f48503f9c2fc3b5d3c6ce051fcca857.jpg, 1, 0, 0, 0
aug_0_2779_jpeg.rf.525372c6c2342ff8dbd3c8f70db493db.jpg, 0, 1, 0, 0
Image_49_jpg.rf.4e64830c155195bc3036ac9431317a35.jpg, 0, 1, 0, 0
32qw_png_jpg.rf.51e11979dc9d2d568909e220b3cc331c.jpg, 0, 0, 1, 0
1000010618_x4_jpg.rf.4eb0f893ec70ca7835afd115e69e8226.jpg, 0, 0, 0, 1
aug_0_8393_jpeg.rf.4fed7df9cbaace9b470237053bcd7095.jpg, 1, 0, 0, 0
Image_40_jpg.rf.52d70a3814db9bd0f90d0789b3349490.jpg, 1, 0, 0, 0
hotspot-100-_jpg.rf.4f81f01471c47e08b42a46b4b91acebf.jpg, 1, 0, 0, 0
aug_0_9810_jpeg.rf.528530325a49dfa65ed8fe6e20e3d5f0.jpg, 1, 0, 0, 0
flea_allergy-27-_jpg.rf.52875939f27e609166ea64f6be72bbc5.jpg, 0, 1, 0, 0
Thank-you-all-for-your-support_00091_jpg.rf.52d99d4cf2b0b288f77e213c8ab0bbc9.jpg, 1, 0, 0, 0
aug_0_5116_jpeg.rf.500bcfa30fd1590a3ea1bc9e5817b163.jpg, 0, 0, 0, 1
Poodle-hotspot-care-000114_png_jpg.rf.4d95af519207bf618528866f1fdf7d9e.jpg, 0, 1, 0, 0
Image_36-2-_jpg.rf.514f8f037e7da0b75e8c870f1586b050.jpg, 0, 1, 0, 0
Image_42-3-_jpg.rf.4f4f4ba240d370a016694f10014fa970.jpg, 1, 0, 0, 0
1000011977_x4_jpg.rf.4dbfe4e03e0e9cce1e6187a90028ab32.jpg, 1, 0, 0, 0
hot-spots-suck_00070_jpg.rf.4e338157c1f43299edf6207cb7b1c1ac.jpg, 1, 0, 0, 0
1000010516_x16_jpg.rf.53429f9dbd4e29250fbb5da0bc5b9c12.jpg, 1, 0, 0, 0
May-is-allergy-awareness-month-here-at-The-Shot-Spot_01375_jpg.rf.509b113be82c91ee1b5b7136f57bf02f.jpg, 1, 0, 0, 0
aug_0_6415_jpeg.rf.534bc659e026df2cb8b786a30c573dc8.jpg, 1, 0, 0, 0
HOT-SPOT-IN-DOG-HOW-vet-treated-symptom-prevention_-flea-bite-moist-eczema_dog-itching-000459_png_jpg.rf.533b1538ed512e55f3407503241c4f02.jpg, 1, 0, 0, 0
1000010512_x4_jpg.rf.533b4bae28ee6fae2469a5a26b47fce2.jpg, 0, 1, 0, 0
aug_0_7043_jpeg.rf.53d0070d33ec7c1ebe10aa8ccb3dbf75.jpg, 1, 0, 0, 0
1000010617_x4_jpg.rf.5454b57accd46b6e645f2fb98666d035.jpg, 0, 1, 0, 0
mange-24-_jpg.rf.524bc4568902ef5ad3665f63f7d138dc.jpg, 0, 0, 0, 0
May-is-allergy-awareness-month-here-at-The-Shot-Spot_00013_jpg.rf.539cee5fb62fda8a250efbe536f5dd23.jpg, 1, 0, 0, 0
Image_1_jpg.rf.53afd9d318ec8762157bf4fcd20c5ad3.jpg, 0, 0, 1, 0
mange-50-_jpg.rf.56a43b29c49cb343ff804a56194b04be.jpg, 0, 0, 0, 1
1000010627_x4_jpg.rf.562212036e74abe7f8fc3b6e7eacb096.jpg, 0, 1, 0, 0
Owners-usually-don-t-get-a-good-vote-of-just-how-big-hotspots_00017_jpg.rf.553c863da0523748d3835f96b2b6a7dd.jpg, 0, 1, 0, 0
Poodle-hotspot-care-000103_png_jpg.rf.5675a02c32c774ef9b23ea65daa0a775.jpg, 0, 1, 0, 0
May-is-allergy-awareness-month-here-at-The-Shot-Spot_01666_jpg.rf.5871620ee70d2eb79dcf21d41f791965.jpg, 1, 0, 0, 0
hotspot-17-_jpg.rf.5589704d62aaac7e7c94e122438efa3f.jpg, 0, 0, 1, 0
HOT-SPOT-IN-DOG-HOW-vet-treated-symptom-prevention_-flea-bite-moist-eczema_dog-itching-000503_png_jpg.rf.59e92ca2a56849c07c5402efb3aa2ad4.jpg, 1, 0, 0, 0
1_PNG_jpg.rf.575ce2b0bb0c804c52f79ad87799aba5.jpg, 0, 0, 1, 0
Image_26-2-_jpg.rf.54a4d655e6a153de5a169a98431df967.jpg, 0, 0, 0, 1
aug_0_2_jpeg.rf.58b6095134a08f39ef9ba71f85c0d04e.jpg, 0, 0, 0, 1
1000010729_x16_jpg.rf.567937137b2ac133f4cfc4dab9bb725f.jpg, 0, 0, 1, 0
flea_allergy-66-_jpg.rf.54e78814040a17bf70d0b7af75aa1c6c.jpg, 0, 1, 0, 0
1_PNG_jpg.rf.5aca66c2356eba9dc2f4e7a5fcb56d1f.jpg, 0, 0, 1, 0
aug_0_1724_jpeg.rf.5aa01c65cb4040e22649d2cf2af7fd7d.jpg, 0, 1, 0, 0
Image_57_jpg.rf.58acf0eaf3533b1dfd3888b9657827e3.jpg, 1, 0, 0, 0
mange-10-_jpg.rf.5a2e50d2a29901655fe4339a8a6aeddc.jpg, 0, 0, 0, 1
Hot-Spot-on-_Chance_-How-to-treat-a-dog-that-you-can_t-touch_-000622_png_jpg.rf.564d2ad7308660ff0cd226c1fbd7adcd.jpg, 1, 0, 0, 0
Image_39_png.rf.590573f27d519cb6ecbdeb705a622e85.jpg, 0, 0, 1, 0
HOT-SPOT-IN-DOG-HOW-vet-treated-symptom-prevention_-flea-bite-moist-eczema_dog-itching-000456_png_jpg.rf.5888764e36d8a2492f4b2ed753cd9853.jpg, 1, 0, 0, 0
hotspot-33-_jpg.rf.5905007c69bd7edef4787972536137cb.jpg, 1, 0, 0, 0
hotspot-112-_jpg.rf.5858d39d4a58f94b9508763c3fcfc30d.jpg, 1, 0, 0, 0
hotspot-11-_jpg.rf.578f757bbfb4fc5abd4f8dbc4b7dbd99.jpg, 1, 0, 0, 0
36p_png_jpg.rf.5b44e4a783ca8ca528deee0eeeb6839e.jpg, 0, 0, 1, 0
1000010683_x4_jpg.rf.5bca0eb51f5a0615b5472c869a684aec.jpg, 1, 0, 0, 0
OIP-17-_x4_jpg.rf.5ba0b286a1062e8227c9b4a83b9e2098.jpg, 1, 0, 0, 1
aug_0_7089_jpeg.rf.5ba0861959db4195368866ef73f8a8cb.jpg, 0, 1, 0, 0
1000010634_x4_jpg.rf.5ae32d1f29cb5368db9255ae972ca0ec.jpg, 1, 0, 0, 0
hotspot-43-_jpg.rf.55883784c00e9bb08b07001270408b7d.jpg, 1, 0, 0, 0
1000010502_x16_jpg.rf.5ccd90d0fc793c28d7b241225f835192.jpg, 1, 0, 0, 0
2w_jpg.rf.5bb71961c7eb020d7c72aec62ced3ae1.jpg, 0, 0, 1, 0
flea_allergy-82-_jpg.rf.5bd945db57f5834617fb35ffd7d3bb3a.jpg, 0, 1, 0, 0
mange-29-_jpg.rf.5e1e6332b7fdd5ca77f7ccda9a16adf9.jpg, 0, 0, 0, 1
1000010579_x4_jpg.rf.5d3cc6bbb9fb1ff7fe63d312af0e672b.jpg, 0, 1, 0, 0
flea_allergy-52-_jpg.rf.5dfcccf3b67a75674c733cd613e0941b.jpg, 0, 1, 0, 0
image_14_jpg.rf.5f300c93d57383ea6d2631b37a7d1ddb.jpg, 0, 1, 0, 0
image_9_jpg.rf.5d3a37d8db49345ecf5b4f49405c1005.jpg, 0, 1, 0, 0
1000011978_x4_jpg.rf.5f649a14e76c1c56508fa76bb399105a.jpg, 1, 0, 0, 0
mange-12-_jpg.rf.5f983634753adfbd87cdf66456620b74.jpg, 0, 0, 0, 1
mange-6-_jpg.rf.5f305d04b57838fe7f6aea356a82d44c.jpg, 0, 0, 0, 1
208280465_5954987487874609_5454884803927939563_n_jpg.rf.6010f7ddbb27f71ffabc9bfa8f6b5fe6.jpg, 0, 0, 0, 1
aug_0_9416_jpeg.rf.5f2947f8b92c2e938c7dd37d4582041f.jpg, 0, 1, 0, 0
May-is-allergy-awareness-month-here-at-The-Shot-Spot_01867_jpg.rf.5ee0ef6b829977906fddcef43237732a.jpg, 1, 0, 0, 0
55_jpg.rf.60ac3b876fb82b9e6de4d21412ce2f24.jpg, 1, 1, 0, 0
aug_0_5179_jpeg.rf.5e7ccdcae05ec2f91a9ddde318902e3d.jpg, 0, 1, 0, 0
aug_0_9368_jpeg.rf.60be4c9ad9bf57253f15262ff91b168d.jpg, 0, 0, 1, 0
Thank-you-all-for-your-support_00001_jpg.rf.5f83b519fa2c328aceb10320a80a539d.jpg, 1, 0, 0, 0
32qy_png_jpg.rf.628ebbcccdd6e21aa790ad3db65aa969.jpg, 0, 0, 1, 0
1000010732_x4_jpg.rf.6108490838e89968a68cf2882ff80945.jpg, 0, 0, 0, 1
flea_allergy-2-_jpg.rf.5ef63161ebdec2932df920c2c003ee29.jpg, 0, 1, 0, 0
HOT-SPOT-IN-DOG-HOW-vet-treated-symptom-prevention_-flea-bite-moist-eczema_dog-itching-000479_png_jpg.rf.612b13132a4133bdd2de0df49b74484f.jpg, 1, 0, 0, 0
May-is-allergy-awareness-month-here-at-The-Shot-Spot_00547_jpg.rf.62c197c31d2d6849e6fade6e6c361009.jpg, 1, 0, 0, 0
hotspot-78-_jpg.rf.608ee89de6dc25273d307992a7fc7b9b.jpg, 1, 0, 0, 0
hotspot-110-_jpg.rf.611f43ea30698d271f2c2f55f8515db5.jpg, 1, 0, 0, 0
Image_66-3-_jpg.rf.62e85a54ff6081962d2b0085c7250f86.jpg, 1, 0, 0, 0
OIP-18-_x16_jpg.rf.5e8d177053cba85976b37b160b1f898d.jpg, 0, 1, 0, 0
Image_44-2-_jpg.rf.63952a30cc482e1054537fb9c279d300.jpg, 0, 1, 0, 0
image_13_png.rf.61c781a3ef4074eb8317820b00a1338f.jpg, 0, 1, 0, 0
flea_allergy-23-_jpg.rf.622758e4b895becd80337c40231dd898.jpg, 0, 1, 0, 0
Image_76_jpg.rf.60479c6bce34234bd4d408042d5c0d7d.jpg, 0, 1, 0, 0
Image_7-3-_jpg.rf.62421467824c4272672c79ff6daeff9f.jpg, 0, 0, 0, 1
The-perfect-way-to-apply-the-Hot-Spot-Gel_00547_jpg.rf.6434d2daa9bc1c599a400f281a883b99.jpg, 0, 0, 0, 1
aug1_jpg.rf.644a9564250a1ec053ec7519aea8e399.jpg, 0, 0, 1, 0
flea_allergy-75-_jpg.rf.641725ca4d923e4787bbff5d7dbb360d.jpg, 0, 1, 0, 0
mange-43-_jpg.rf.64e139563340b2ec64f0a71b5b2b6606.jpg, 0, 0, 0, 1
46w_png_jpg.rf.657557c3d2db4d1a3d0aa9bbe088e32b.jpg, 0, 0, 1, 0
hotspot-47-_jpg.rf.63aaa5defa82cbad5f8cc21d06a13f0e.jpg, 1, 0, 0, 0
Image_52_jpg.rf.6462dbe944b8b9ff6046d484e4b217a5.jpg, 0, 1, 0, 0
1000010578_x4_jpg.rf.655f29899784018e55dae5ae4dcd8f9a.jpg, 0, 1, 0, 0
flea_allergy-6-_jpg.rf.64f75839be32f0d8d389d1b36730736e.jpg, 0, 1, 0, 0
36o_png_jpg.rf.66223f9ad7434ff08c0696b678aec315.jpg, 0, 0, 1, 0
mange-45-_jpg.rf.64737afec78c0654791386551ae5e1c1.jpg, 0, 0, 0, 1
Image_2_jpg.rf.650de6b62ae2479bb5528a5c31b74731.jpg, 0, 0, 1, 0
aug_0_2309_jpeg.rf.66e67c901cbaea006cde657f51f8ad2b.jpg, 0, 1, 0, 0
aug_0_342_jpeg.rf.6738d63c5c7ab656c590c35816bb9449.jpg, 0, 1, 0, 0
Image_38_jpg.rf.67e785b71f5beafd23b074cfc275f2ce.jpg, 0, 1, 0, 0
32qu_png_jpg.rf.673973f0767a82508ab0009605d29df2.jpg, 0, 0, 1, 0
1000010558_x4_jpg.rf.66a8332223acee90ca0652c931507bfa.jpg, 1, 0, 0, 0
Image_22-3-_jpg.rf.67dfcb798892d1bb8ee24648339a25be.jpg, 1, 0, 0, 0
mange-51-_jpg.rf.661a6e593120b9669d25d4abb5c581cf.jpg, 0, 0, 0, 1
flea_allergy-33-_jpg.rf.6686e2c4bb5015dda68a2b4d61f7b725.jpg, 0, 1, 0, 0
aug_0_7570_jpeg.rf.676265ded5205a175e6e1c7e7faeb9ec.jpg, 0, 0, 1, 0
aug_0_7734_jpeg.rf.665a24dc7afb59fae0c33ebd420b6936.jpg, 1, 0, 0, 0
hotspot-1-_jpg.rf.65ff08d32fff0cb5cbcbcc1d3ab06abb.jpg, 1, 0, 0, 0
hotspot-4-_jpg.rf.6550c5e0a0070e91e0a5d2f03f280344.jpg, 1, 0, 0, 0
May-is-allergy-awareness-month-here-at-The-Shot-Spot_02224_jpg.rf.68588a69a478718914209c23783db517.jpg, 1, 0, 0, 0
flea_allergy-71-_jpg.rf.683b6e62d31a11756d124c059fb32bb7.jpg, 0, 1, 0, 0
HOT-SPOT-IN-DOG-HOW-vet-treated-symptom-prevention_-flea-bite-moist-eczema_dog-itching-000153_png_jpg.rf.688eb5096a63b0144ccd4b15f8f868cc.jpg, 1, 0, 0, 0
Poodle-hotspot-care-000126_png_jpg.rf.6a7bf5029830edfeeb692eb7d909e44a.jpg, 0, 1, 0, 0
hotspot-114-_jpg.rf.68c38718373a1936f7b31b8e02da7d8b.jpg, 1, 0, 0, 0
aug_0_2482_jpeg.rf.68b030119852bb8b38344e6b53b00f72.jpg, 0, 0, 1, 0
HOT-SPOT-IN-DOG-HOW-vet-treated-symptom-prevention_-flea-bite-moist-eczema_dog-itching-000454_png_jpg.rf.6a4064f225228a67f304f66d0a2669b2.jpg, 1, 0, 0, 0
aug_0_6862_jpeg.rf.68b9af4db9edc67a0de4db9568c90957.jpg, 0, 1, 0, 0
Hot-Spot-on-_Chance_-How-to-treat-a-dog-that-you-can_t-touch_-000614_png_jpg.rf.69ea634d8dbb857d8aacc762113919ae.jpg, 1, 0, 0, 0
flea_allergy-89-_jpg.rf.6c8b3ac5a7540fcd992bec63a8a4a85f.jpg, 0, 1, 0, 0
hotspot-18-_jpg.rf.6b692333ddeeaf0c8728437b1a14fab7.jpg, 0, 1, 0, 0
aug_0_8538_jpeg.rf.67f3cef4e3f249fd4bc035ef4c39eef9.jpg, 0, 1, 0, 0
OIP-3-_x16_jpg.rf.6ba2ffbe9552654601dd0a6e051ffd45.jpg, 1, 0, 0, 0
d85e1b1ef2729146347282b867275414_jpg.rf.6cb33fb19830f49e5cf0041f577e3429.jpg, 0, 0, 0, 1
May-is-allergy-awareness-month-here-at-The-Shot-Spot_00004_jpg.rf.6992a7df004ac694fcd932410bcf9274.jpg, 1, 0, 0, 0
aug_0_2839_jpeg.rf.6d5fd93d45e1e27722d14c52921eed29.jpg, 0, 0, 1, 0
Image_16_png.rf.6c2fe8eb431595c4b33c3c0e7cd7ae98.jpg, 0, 0, 1, 0
1w_png_jpg.rf.6c415ac56503fcb5a54aa2e4d08cb688.jpg, 0, 0, 1, 0
Poodle-hotspot-care-000003_png_jpg.rf.6c2a718e899df79ca7e3636c626bbf05.jpg, 0, 1, 0, 0
Image_20-6-_jpg.rf.6a8f9a7ee95a18a73c8bc9d54d3bfcab.jpg, 1, 0, 0, 0
1000010721_x16_jpg.rf.6a579da2df45b10df5e56f2a30ca0a5e.jpg, 1, 0, 0, 0
mange-28-_jpg.rf.6cfbaf8eead47556d37c155d877870dc.jpg, 0, 0, 0, 1
mange-62-_jpg.rf.6d7fbdb2aeb1f5f6fa3d391aaf841309.jpg, 0, 0, 0, 1
aug_0_4417_jpeg.rf.6d6dcf4bf101b38945406230dcc7c5d1.jpg, 1, 0, 0, 0
hotspot-99-_jpg.rf.6da3bcbcb2871eda462ee913fd802b9a.jpg, 1, 0, 0, 0
Image_25-2-_jpg.rf.6a804b3fc343a3e3032eaa9010440db8.jpg, 0, 1, 0, 0
hotspot-3-_jpg.rf.6e27120fd90ecb06a0280478b3a4782a.jpg, 1, 0, 0, 0
mange-2-_jpg.rf.6e7db785e90b18ca62b98acef168f04d.jpg, 0, 0, 0, 1
HOT-SPOT-IN-DOG-HOW-vet-treated-symptom-prevention_-flea-bite-moist-eczema_dog-itching-000502_png_jpg.rf.6d81975d998e62411fa5016daec9d9ff.jpg, 1, 0, 0, 0
hotspot-116-_jpg.rf.6e7a8ea8c895e5efa9aa8f554bb5c792.jpg, 1, 0, 0, 0
Owners-usually-don-t-get-a-good-vote-of-just-how-big-hotspots_00361_jpg.rf.6d30770e7d311334d2276217f22d4857.jpg, 1, 0, 0, 0
Poodle-hotspot-care-000116_png_jpg.rf.6d20778c6657387fcc8c9b1a04e0635f.jpg, 0, 1, 0, 0
mange-41-_jpg.rf.6eb63a8f034fa2d9dae8c9210c2300ba.jpg, 0, 0, 0, 1
hotspot-103-_jpg.rf.6e9c35faedaacfc0645222ad98b9a705.jpg, 0, 1, 0, 0
3s_png_jpg.rf.6fc8707e42d18640476663e22b734b17.jpg, 0, 0, 1, 0
90d1b2e80bd3a66d9de4a757d98ac54e448e0a04_jpeg_jpg.rf.6fa193723290f546228c2662a06323ce.jpg, 0, 0, 0, 1
hot-spots-suck_00241_jpg.rf.6eb86c810067bb472a78dacbef3ec4d7.jpg, 1, 0, 0, 0
37_PNG_jpg.rf.70e9f91a4c5ed1615958ede3f46e9fd2.jpg, 0, 0, 1, 0
Image_11_jpg.rf.71a32fd87b936388bb2c82437960617f.jpg, 1, 0, 0, 0
Image_35-2-_jpg.rf.725a36b410908c05de1dd1be240a5f2a.jpg, 1, 0, 0, 0
hotspot-88-_jpg.rf.6f3a33712041937584dc355a951ea37a.jpg, 1, 0, 0, 0
36t_png_jpg.rf.7050f76db2f0a1a7c1f442604954ff3f.jpg, 0, 0, 1, 0
hotspot-32-_jpg.rf.6edb9962d3eae1b3ff4cf20258e25a63.jpg, 1, 0, 0, 0
1000010581_x16_jpg.rf.70b608c9152b542e9f775cd061d896fc.jpg, 0, 0, 1, 0
aug_0_4851_jpeg.rf.6efceb28117f4247f6da2306bc6f7a61.jpg, 0, 1, 0, 0
aug_0_3476_jpeg.rf.720b0493798416609cd4cb4641c9071e.jpg, 0, 1, 0, 0
Image_12_jpg.rf.726a2d4238aa9815ad3c3c6d06ecf489.jpg, 1, 0, 0, 0
aug2_jpeg.rf.6fb23ee3a0af92c78c03c465527138a2.jpg, 0, 0, 1, 0
hotspot-58-_jpg.rf.70eb4eca4ac613084ff822090693fb6f.jpg, 1, 0, 0, 0
aug_0_625_jpeg.rf.71bfec9d05f15754ee3b628781307084.jpg, 0, 1, 0, 0
image_8_jpg.rf.7110aad68515c9fdb39e08c0d812d35a.jpg, 0, 1, 0, 0
flea_allergy-19-_jpg.rf.71f1a527f4e663fad77fdf06dfd5eca7.jpg, 0, 1, 0, 0
mange-imageSeborrhea2_jpg.rf.712c2d21e54730539647c246c8599489.jpg, 0, 0, 0, 1
36r_png_jpg.rf.73431e1c19f5a301bbf6ca4ecefc4c19.jpg, 0, 0, 1, 0
Poodle-hotspot-care-000121_png_jpg.rf.7223474aef7736463eb2068917d2c07a.jpg, 0, 1, 0, 0
46w_png_jpg.rf.7320d72467f183ebd46b7fcfa6b8df79.jpg, 0, 0, 1, 0
2u_jpg.rf.71198576b0378e6d42410f3b4e60f4fe.jpg, 0, 0, 1, 0
HOT-SPOT-IN-DOG-HOW-vet-treated-symptom-prevention_-flea-bite-moist-eczema_dog-itching-000149_png_jpg.rf.73d189ebc8a6f82ab0537a01e17e48ed.jpg, 1, 0, 0, 0
1000011972_x4_jpg.rf.74c0a8124ffe170902295006ad6822d3.jpg, 1, 0, 0, 0
Image_71-3-_jpg.rf.6ff9e26a45205f2d289d829c9d67177e.jpg, 1, 0, 0, 0
aug_0_1369_jpeg.rf.753e3a82dfae8688be7bb995be2e803c.jpg, 1, 0, 0, 0
May-is-allergy-awareness-month-here-at-The-Shot-Spot_01456_jpg.rf.734ad3fd6ed381e194083ae32bd3ecf8.jpg, 1, 0, 0, 0
mange-16-_jpg.rf.75719aa1bacc2580681b857143ff5cd2.jpg, 0, 0, 0, 1
May-is-allergy-awareness-month-here-at-The-Shot-Spot_00031_jpg.rf.73d744d7f2260f81b61d1fd362a52530.jpg, 1, 0, 0, 0
aug_0_2147_jpeg.rf.71934a6f8011fb31fe1180929888095a.jpg, 0, 0, 0, 1
hotspot-16-_jpg.rf.7397969477ee2f37fb2b41e6fd28fb9b.jpg, 0, 0, 1, 0
mange-30-_jpg.rf.756a44e6e3081cb6583264ea0fa9b7c1.jpg, 0, 0, 0, 1
aug_0_2533_jpeg.rf.733795d17320611f36288e85cb0c5554.jpg, 0, 0, 1, 0
May-is-allergy-awareness-month-here-at-The-Shot-Spot_01366_jpg.rf.790f4beed2e34ff580b6822f0b4847c1.jpg, 1, 0, 0, 0
flea_allergy-42-_jpg.rf.7844ccaf3e5e14b773dae39c126832aa.jpg, 0, 1, 0, 0
Image_40-3-_jpg.rf.77229a04ca50c688414c936ed9e344e7.jpg, 1, 0, 0, 0
hot-spots-on-dogs_jpg.rf.75f7925afe88acb863cf016a128e0ea3.jpg, 0, 1, 0, 0
image_3_jpg.rf.75ce0e98134a35e340c15a467dfc57c3.jpg, 0, 1, 0, 0
aug_0_1435_jpeg.rf.78836381dfa5ba1106434fe2fcbdd12f.jpg, 1, 0, 0, 0
Image_13-2-_jpg.rf.7629544c9bfd30f90a5207c793e58c57.jpg, 1, 0, 0, 0
aug_0_7726_jpeg.rf.78c1eac3ae91c6e44017d67b8216ae4a.jpg, 0, 1, 0, 0
hotspot-48-_jpg.rf.757caf480d6f9be6a68613f603f6a82d.jpg, 1, 0, 0, 0
Image_3-5-_jpg.rf.77cfcedb26341b462cce93901e201e1b.jpg, 1, 0, 0, 0
Image_22-2-_jpg.rf.77c6f742ef19d9abfc1148fccb65c5bf.jpg, 0, 1, 0, 0
1000010751_x16_jpg.rf.7557f89e40ddb83388c9020dfaf4dd82.jpg, 1, 0, 0, 0
flea_allergy-36-_jpg.rf.7af56d11b4839540415139ce2f36d59c.jpg, 0, 1, 0, 0
Image_78_png.rf.7618549c2aecf749f310269c7ea8a2ac.jpg, 1, 0, 0, 0
1000010608_x16_jpg.rf.79a51699922c714e384dfb95b5588723.jpg, 1, 0, 0, 0
flea_allergy-28-_jpg.rf.79c30a238f7d8ee371d95adcd253de6f.jpg, 0, 1, 0, 0
aug_0_9362_jpeg.rf.7b89e1fbfef3396285735405fd2b9281.jpg, 1, 0, 0, 0
aug_0_7068_jpeg.rf.76206ae47efc38bba751a7849053d2e8.jpg, 0, 0, 0, 1
HOT-SPOT-IN-DOG-HOW-vet-treated-symptom-prevention_-flea-bite-moist-eczema_dog-itching-000478_png_jpg.rf.7b5692413838869f486b5b151145830d.jpg, 1, 0, 0, 0
flea_allergy-9-_jpg.rf.79c2c59b6dff96b633f91fa699a86429.jpg, 0, 1, 0, 0
Poodle-hotspot-care-000118_png_jpg.rf.7c2f1e16d133479e805ff7f2f9becc06.jpg, 0, 1, 0, 0
1000010776_x16_jpg.rf.7a2fe59459bf9585094dff4a0eff2253.jpg, 0, 0, 1, 0
aug_0_9169_jpeg.rf.7b0dbb99b2c979665d8cd908f5b4048a.jpg, 0, 1, 0, 0
Image_15-2-_jpg.rf.7bc8f04aca7c50460329749949757e76.jpg, 0, 1, 0, 0
1_PNG_jpg.rf.7ad954e384575b55a7a0f278ec470e14.jpg, 0, 0, 1, 0
293403473_2859680784177702_648654495805395982_n_jpg.rf.7c242b3be90b5534d2590c160189dc37.jpg, 0, 1, 0, 0
Hot-Spot-on-_Chance_-How-to-treat-a-dog-that-you-can_t-touch_-000613_png_jpg.rf.76c52f02437b0709d3ebe27687886a10.jpg, 1, 0, 0, 0
37w_png_jpg.rf.7b40efb64538b716ef95f151dcb8ef45.jpg, 0, 0, 1, 0
Image_37_jpg.rf.79b603dabbab81e5b33788516604b24a.jpg, 0, 0, 1, 0
OIP-15-_x4_jpg.rf.7a101241fa91c5d034478c289a112db7.jpg, 1, 0, 1, 0
Hot-Spot-on-_Chance_-How-to-treat-a-dog-that-you-can_t-touch_-000618_png_jpg.rf.7ce3463ffa29f7f3f906f2b010e80ff3.jpg, 1, 0, 0, 0
342211074_1010000213718052_3587685332630184295_n_jpg.rf.7e2d7473a180998100d0b039d3f30321.jpg, 1, 0, 0, 0
HOT-SPOT-IN-DOG-HOW-vet-treated-symptom-prevention_-flea-bite-moist-eczema_dog-itching-000453_png_jpg.rf.7c8d6e5b9244da6572de3897e7d84ffe.jpg, 1, 0, 0, 0
Image_56-2-_jpg.rf.7ccfc0114228f5d613f10892f4a26a50.jpg, 0, 1, 0, 0
flea_allergy-92-_jpg.rf.7e697d7fac026557bc435fa53d669a1d.jpg, 0, 1, 0, 0
Poodle-hotspot-care-000111_png_jpg.rf.7b89d9fafdf5f6cbe1ed84bdb0bc73fc.jpg, 0, 1, 0, 0
32qw_png_jpg.rf.7e0f5f05f7437c1bab73eca85c3dfe41.jpg, 0, 0, 1, 0
flea_allergy-47-_jpg.rf.7e6a55ec7eeb137067f707c2de17be6d.jpg, 0, 0, 1, 0
mange-23-_jpg.rf.7d7317ffdf1945a1ed35d23f67527296.jpg, 0, 0, 0, 1
aug_0_9991_jpeg.rf.7dedbce30e96b9c705d07f36d0b02da9.jpg, 0, 1, 0, 0
hotspot-55-_jpg.rf.7e24ed13431e7bb9a158aaef3759b32a.jpg, 1, 0, 0, 0
hotspot-106-_jpg.rf.7f5ebb31ebdc37c6bb38bc44a44ab301.jpg, 1, 0, 0, 0
flea_allergy-48-_jpg.rf.7f109db894121e0a700b77ea994985dd.jpg, 0, 0, 1, 0
1000010631_x4_jpg.rf.81d43dcfca72486ec9d3e48eb0e36797.jpg, 0, 0, 0, 1
1000010719_x16_jpg.rf.835d83a37c0f6a4a07dd5253ed0f9773.jpg, 0, 0, 1, 0
Lick_granuloma_1_jpg.rf.802810bb2afe9bda28369b18bf140e02.jpg, 1, 0, 0, 0
Image_72-3-_jpg.rf.80419a025e38311a9e3b80ee3da7d660.jpg, 1, 0, 0, 0
hotspot-104-_jpg.rf.81401e9e724da08c426d468c6884b3b6.jpg, 0, 1, 0, 0
mange-48-_jpg.rf.7f707f3f54bf03f27227b5c4ddff1b7b.jpg, 0, 0, 0, 1
aug_0_9230_jpeg.rf.7fdd28ff3100128733f90a208a1883af.jpg, 0, 1, 0, 0
aug_0_6356_jpeg.rf.7e9d0e46a6af40d19415335e1b817065.jpg, 0, 1, 0, 0
Image_20-2-_JPG.rf.7f6e55eb73fdf3b5bf14791e1aaaab98.jpg, 0, 1, 0, 0
Reply-to-don-t-let-your-dog-suffer-in-silence_00009_jpg.rf.7ed49d1644ddb4667d165645a2f470f1.jpg, 1, 0, 0, 0
Image_50_jpeg.rf.82ada09d1d494a75c136a267bedef121.jpg, 1, 0, 0, 0
mange-11-_jpg.rf.814007a597556b48fc3c807728d0ef24.jpg, 0, 0, 0, 1
hotspot-59-_jpg.rf.8303c7ae14daa660828361146db38473.jpg, 1, 0, 0, 0
aug_0_4936_jpeg.rf.84617a9e2e7608300012a2280396b3fe.jpg, 0, 0, 0, 1
image_17_jpeg.rf.7fecfb26f2a2b4ff201b9671e4e2bcd4.jpg, 0, 1, 0, 0
flea_allergy-87-_jpg.rf.84928dd891e3ebf12c7bd9ec1b3fc6fb.jpg, 0, 1, 0, 0
Image_34_jpg.rf.84dadbc2780311d763872bf7a74cf272.jpg, 1, 0, 0, 0
dog-animal-skin-disease-1208313049-6c58143883d2477a920ca1ed1a7bc1e6_jpg.rf.7e9c2c0bb51a2460c06b8bcabd291341.jpg, 0, 0, 0, 1