image,ears,paws_and_pads,eyes,underbelly,tail,armpits,nails,skin_folds,overall_coat_condition,dermatitis,flea_allergy,ringworm,scabies
1.jpg,flaky,red,normal,irritated,flaky,irritated,normal,flaky,flaky,1,0,0,1
2.jpg,flaky,dry,dry,dry,red,red,dry,swollen,normal,1,1,0,0
3.jpg,swollen,flaky,swollen,swollen,red,discolored,normal,irritated,red,1,0,0,0
4.jpg,swollen,flaky,red,irritated,discolored,red,red,irritated,red,1,0,0,1
5.jpg,flaky,swollen,swollen,flaky,dry,discolored,discolored,swollen,red,1,1,1,0
6.jpg,dry,red,red,swollen,swollen,normal,red,irritated,normal,0,0,1,0
7.jpg,dry,swollen,dry,irritated,flaky,red,normal,normal,flaky,0,1,0,0
8.jpg,irritated,irritated,irritated,red,irritated,dry,dry,discolored,irritated,1,1,0,1
9.jpg,flaky,discolored,discolored,swollen,flaky,discolored,red,swollen,dry,0,1,0,1
10.jpg,irritated,swollen,irritated,swollen,irritated,dry,discolored,swollen,swollen,1,1,1,1
11.jpg,flaky,discolored,flaky,swollen,dry,red,discolored,red,flaky,1,0,0,1
12.jpg,swollen,irritated,irritated,flaky,discolored,discolored,red,red,flaky,1,1,0,0
13.jpg,flaky,flaky,flaky,flaky,swollen,red,red,normal,normal,0,0,0,1
14.jpg,red,irritated,irritated,normal,irritated,discolored,red,swollen,red,1,1,0,0
15.jpg,swollen,swollen,dry,irritated,normal,swollen,discolored,swollen,normal,1,0,0,0
16.jpg,swollen,swollen,irritated,flaky,discolored,red,swollen,dry,irritated,1,0,0,0
17.jpg,swollen,red,red,swollen,dry,irritated,irritated,swollen,swollen,1,0,0,1
18.jpg,red,irritated,discolored,discolored,normal,normal,normal,swollen,irritated,0,1,0,0
19.jpg,swollen,normal,discolored,swollen,irritated,normal,dry,discolored,irritated,0,1,1,0
20.jpg,discolored,normal,flaky,red,normal,irritated,normal,swollen,irritated,0,1,0,1
21.jpg,irritated,swollen,swollen,normal,swollen,discolored,irritated,red,normal,0,1,1,0
22.jpg,flaky,flaky,swollen,red,discolored,flaky,swollen,swollen,swollen,0,1,0,0
23.jpg,flaky,red,flaky,irritated,swollen,irritated,red,flaky,red,1,1,1,0
24.jpg,normal,normal,irritated,red,dry,discolored,discolored,flaky,discolored,0,1,1,0
25.jpg,red,swollen,flaky,swollen,red,normal,red,flaky,irritated,0,1,1,0
26.jpg,normal,red,irritated,irritated,flaky,discolored,swollen,discolored,normal,1,1,1,0
27.jpg,normal,normal,discolored,normal,discolored,swollen,discolored,swollen,discolored,0,0,1,0
28.jpg,normal,swollen,red,normal,flaky,discolored,irritated,dry,dry,1,0,0,1
29.jpg,dry,swollen,irritated,normal,normal,normal,normal,swollen,red,0,1,0,0
30.jpg,dry,normal,irritated,flaky,swollen,swollen,flaky,normal,normal,0,0,0,1
31.jpg,swollen,red,swollen,dry,swollen,discolored,dry,discolored,dry,1,0,1,0
32.jpg,irritated,normal,irritated,dry,swollen,flaky,irritated,normal,swollen,1,1,1,0
33.jpg,irritated,normal,irritated,irritated,irritated,irritated,flaky,discolored,normal,1,0,0,1
34.jpg,red,flaky,discolored,normal,flaky,dry,swollen,red,swollen,1,1,0,1
35.jpg,normal,irritated,normal,swollen,swollen,discolored,swollen,normal,normal,0,0,1,1
36.jpg,dry,flaky,discolored,dry,red,flaky,red,flaky,flaky,0,0,1,0
37.jpg,discolored,red,normal,discolored,dry,red,red,dry,flaky,0,0,0,1
38.jpg,discolored,dry,discolored,flaky,discolored,flaky,flaky,swollen,flaky,0,0,0,0
39.jpg,flaky,irritated,red,red,irritated,normal,swollen,flaky,dry,1,1,0,0
40.jpg,discolored,discolored,red,discolored,dry,irritated,discolored,swollen,swollen,0,1,0,0
41.jpg,irritated,swollen,normal,normal,normal,normal,red,discolored,irritated,0,0,0,0
42.jpg,red,irritated,swollen,discolored,irritated,normal,discolored,discolored,red,0,1,1,0
43.jpg,dry,dry,swollen,dry,irritated,irritated,flaky,irritated,red,0,0,1,0
44.jpg,dry,red,flaky,normal,dry,dry,irritated,discolored,swollen,0,1,0,1
45.jpg,flaky,dry,discolored,dry,flaky,red,discolored,flaky,swollen,1,1,0,0
46.jpg,normal,dry,swollen,swollen,flaky,normal,normal,swollen,normal,0,1,1,1
47.jpg,irritated,normal,red,red,discolored,red,discolored,normal,normal,0,0,0,1
48.jpg,normal,swollen,irritated,normal,discolored,irritated,swollen,irritated,dry,1,1,0,1
49.jpg,flaky,dry,irritated,swollen,normal,discolored,flaky,irritated,dry,0,1,0,0
50.jpg,normal,dry,normal,normal,swollen,flaky,normal,red,red,0,1,1,0
51.jpg,red,dry,flaky,red,irritated,irritated,swollen,normal,swollen,1,0,1,1
52.jpg,irritated,irritated,dry,red,dry,red,red,swollen,flaky,0,0,0,0
53.jpg,red,dry,normal,irritated,normal,red,normal,red,discolored,0,1,1,0
54.jpg,dry,discolored,dry,normal,irritated,discolored,discolored,flaky,normal,0,0,1,1
55.jpg,dry,red,flaky,discolored,dry,dry,dry,dry,swollen,0,1,1,1
56.jpg,swollen,irritated,dry,swollen,swollen,dry,irritated,swollen,dry,0,1,0,0
57.jpg,normal,dry,irritated,flaky,dry,discolored,dry,normal,red,1,0,1,1
58.jpg,dry,flaky,dry,irritated,flaky,normal,red,swollen,swollen,0,1,1,0
59.jpg,swollen,red,red,irritated,discolored,swollen,discolored,normal,flaky,0,1,0,1
60.jpg,swollen,swollen,dry,normal,discolored,dry,swollen,swollen,normal,1,0,1,1
61.jpg,swollen,irritated,discolored,discolored,discolored,swollen,discolored,dry,red,0,1,0,0
62.jpg,normal,red,irritated,normal,red,red,irritated,normal,red,1,0,1,0
63.jpg,discolored,swollen,swollen,dry,swollen,normal,irritated,red,swollen,1,0,1,0
64.jpg,discolored,discolored,red,dry,swollen,red,red,irritated,irritated,1,0,0,1
65.jpg,normal,discolored,red,normal,red,swollen,dry,dry,swollen,0,0,1,0
66.jpg,dry,discolored,discolored,dry,flaky,flaky,swollen,swollen,flaky,1,1,0,0
67.jpg,dry,normal,flaky,irritated,dry,irritated,discolored,dry,red,1,1,0,1
68.jpg,dry,normal,swollen,swollen,dry,irritated,red,normal,discolored,1,0,0,1
69.jpg,red,normal,flaky,flaky,normal,flaky,irritated,dry,discolored,0,1,1,0
70.jpg,swollen,flaky,normal,normal,normal,discolored,normal,red,discolored,1,0,0,0
71.jpg,dry,irritated,flaky,irritated,discolored,red,swollen,dry,discolored,0,1,1,1
72.jpg,flaky,red,swollen,irritated,dry,normal,flaky,irritated,red,1,0,0,1
73.jpg,irritated,dry,red,normal,normal,irritated,irritated,discolored,discolored,1,0,1,0
74.jpg,discolored,flaky,red,dry,swollen,discolored,flaky,discolored,irritated,1,1,0,0
75.jpg,red,dry,flaky,flaky,swollen,swollen,discolored,irritated,discolored,1,0,1,0
76.jpg,swollen,dry,flaky,normal,discolored,discolored,irritated,flaky,red,0,0,0,1
77.jpg,swollen,discolored,discolored,flaky,dry,irritated,irritated,normal,discolored,0,0,1,0
78.jpg,swollen,flaky,discolored,swollen,flaky,swollen,red,swollen,discolored,0,1,0,1
79.jpg,dry,irritated,dry,dry,red,swollen,swollen,flaky,red,1,1,0,0
80.jpg,normal,red,normal,flaky,red,swollen,flaky,red,dry,0,0,0,1
81.jpg,normal,red,dry,discolored,flaky,swollen,normal,discolored,dry,1,1,0,0
82.jpg,flaky,dry,discolored,swollen,flaky,discolored,dry,swollen,flaky,0,1,1,0
83.jpg,dry,normal,discolored,red,normal,normal,flaky,irritated,red,1,0,0,1
84.jpg,red,dry,swollen,discolored,red,red,normal,normal,flaky,0,1,1,0
85.jpg,swollen,discolored,normal,flaky,flaky,dry,red,dry,flaky,1,0,1,1
86.jpg,flaky,discolored,irritated,normal,dry,red,irritated,red,normal,0,0,0,0
87.jpg,swollen,red,red,dry,normal,dry,discolored,dry,normal,1,1,0,1
88.jpg,red,flaky,red,swollen,normal,normal,irritated,swollen,swollen,1,0,1,0
89.jpg,swollen,flaky,normal,dry,discolored,normal,swollen,swollen,red,0,1,1,0
90.jpg,flaky,normal,irritated,normal,swollen,red,discolored,flaky,flaky,0,0,1,1
91.jpg,irritated,flaky,discolored,red,normal,red,red,discolored,normal,0,0,0,1
92.jpg,normal,swollen,discolored,swollen,discolored,dry,swollen,irritated,normal,0,0,0,0
93.jpg,irritated,discolored,swollen,irritated,normal,swollen,discolored,normal,irritated,0,1,1,0
94.jpg,irritated,irritated,swollen,red,flaky,discolored,discolored,discolored,irritated,1,1,0,0
95.jpg,normal,dry,dry,flaky,flaky,discolored,dry,red,dry,1,0,1,1
96.jpg,irritated,normal,red,red,irritated,dry,irritated,discolored,discolored,1,0,1,0
97.jpg,normal,red,irritated,irritated,irritated,red,discolored,red,normal,0,0,1,1
98.jpg,dry,irritated,dry,swollen,irritated,dry,discolored,flaky,dry,1,0,0,0
99.jpg,normal,irritated,dry,red,swollen,discolored,swollen,irritated,red,1,0,0,0
100.jpg,red,dry,normal,irritated,irritated,red,dry,flaky,red,0,0,0,1
101.jpg,irritated,normal,dry,normal,flaky,flaky,discolored,dry,irritated,0,0,1,0
102.jpg,normal,flaky,flaky,red,dry,normal,flaky,red,normal,0,0,0,1
103.jpg,dry,red,irritated,red,irritated,irritated,red,normal,dry,1,1,0,1
104.jpg,dry,normal,red,irritated,red,flaky,normal,discolored,swollen,1,1,1,1
105.jpg,normal,swollen,flaky,normal,dry,flaky,red,flaky,dry,0,1,0,1
106.jpg,dry,swollen,dry,swollen,irritated,dry,discolored,swollen,normal,1,0,1,0
107.jpg,flaky,red,dry,discolored,irritated,flaky,swollen,discolored,normal,1,0,0,0
108.jpg,normal,normal,red,red,irritated,normal,discolored,swollen,flaky,1,1,1,0
109.jpg,normal,irritated,flaky,swollen,irritated,swollen,swollen,flaky,dry,1,1,1,1
110.jpg,irritated,dry,red,red,dry,discolored,irritated,discolored,discolored,0,0,0,1
111.jpg,normal,red,irritated,irritated,swollen,flaky,irritated,red,swollen,0,0,1,1
112.jpg,dry,dry,swollen,normal,flaky,red,irritated,normal,flaky,1,1,0,0
113.jpg,discolored,red,dry,normal,flaky,irritated,dry,dry,discolored,1,0,0,0
114.jpg,red,dry,red,swollen,swollen,red,swollen,flaky,normal,0,1,1,1
115.jpg,red,normal,discolored,normal,dry,irritated,dry,flaky,normal,1,1,1,1
116.jpg,irritated,dry,red,flaky,dry,normal,red,dry,normal,0,0,0,1
117.jpg,flaky,dry,dry,irritated,swollen,normal,dry,dry,discolored,0,0,1,0
118.jpg,dry,irritated,red,red,red,discolored,flaky,irritated,irritated,0,1,0,1
119.jpg,red,discolored,discolored,irritated,normal,discolored,swollen,red,irritated,1,1,0,1
120.jpg,flaky,swollen,red,normal,flaky,red,discolored,discolored,swollen,0,0,0,0
121.jpg,dry,swollen,swollen,normal,discolored,irritated,flaky,red,discolored,0,1,1,1
122.jpg,dry,normal,dry,normal,flaky,red,swollen,flaky,discolored,1,1,0,1
123.jpg,swollen,flaky,red,flaky,irritated,normal,irritated,discolored,red,1,1,1,1
124.jpg,dry,dry,dry,normal,normal,flaky,red,normal,swollen,1,1,0,0
125.jpg,discolored,normal,irritated,dry,irritated,red,red,flaky,swollen,0,0,0,1
126.jpg,swollen,discolored,swollen,normal,red,swollen,irritated,irritated,normal,1,0,0,0
127.jpg,dry,normal,normal,dry,dry,normal,normal,swollen,red,0,1,0,0
128.jpg,red,swollen,dry,discolored,irritated,irritated,red,swollen,discolored,1,1,1,0
129.jpg,discolored,discolored,normal,swollen,red,flaky,flaky,discolored,discolored,0,1,0,1
130.jpg,normal,normal,discolored,normal,red,dry,dry,flaky,swollen,1,1,1,0
131.jpg,red,swollen,flaky,dry,swollen,red,flaky,dry,flaky,0,0,1,0
132.jpg,irritated,dry,red,flaky,dry,dry,discolored,swollen,normal,1,1,0,1
133.jpg,irritated,swollen,flaky,swollen,flaky,swollen,dry,dry,flaky,0,1,0,1
134.jpg,normal,dry,swollen,irritated,discolored,swollen,red,flaky,swollen,0,1,1,0
135.jpg,dry,red,flaky,swollen,red,red,normal,red,dry,1,1,1,0
136.jpg,discolored,flaky,swollen,normal,normal,swollen,irritated,irritated,discolored,1,1,0,1
137.jpg,discolored,swollen,normal,flaky,normal,swollen,irritated,normal,dry,1,0,0,1
138.jpg,swollen,discolored,dry,discolored,flaky,swollen,red,irritated,swollen,1,0,1,0
139.jpg,irritated,irritated,red,red,discolored,normal,dry,flaky,normal,1,1,0,1
140.jpg,red,dry,normal,discolored,flaky,red,swollen,dry,red,1,0,1,1
141.jpg,swollen,normal,dry,normal,dry,swollen,discolored,flaky,normal,0,0,0,1
142.jpg,swollen,discolored,flaky,normal,flaky,discolored,flaky,red,discolored,1,1,1,0
143.jpg,swollen,dry,irritated,red,red,discolored,discolored,discolored,red,1,1,1,0
144.jpg,flaky,discolored,dry,swollen,normal,dry,normal,irritated,normal,1,1,1,1
145.jpg,swollen,swollen,normal,swollen,flaky,discolored,red,dry,normal,1,0,0,0
146.jpg,irritated,dry,swollen,discolored,red,flaky,flaky,red,discolored,0,0,1,1
147.jpg,swollen,normal,dry,flaky,normal,flaky,flaky,red,discolored,1,0,1,1
148.jpg,dry,discolored,normal,swollen,discolored,irritated,discolored,dry,discolored,1,0,1,1
149.jpg,dry,swollen,irritated,red,normal,discolored,flaky,irritated,red,0,0,0,1
150.jpg,flaky,normal,dry,swollen,discolored,irritated,swollen,discolored,normal,0,1,1,0
151.jpg,dry,irritated,irritated,normal,irritated,irritated,normal,red,flaky,1,0,0,1
152.jpg,swollen,normal,dry,dry,red,normal,normal,normal,normal,0,1,1,0
153.jpg,discolored,flaky,normal,flaky,normal,normal,dry,irritated,irritated,1,1,1,0
154.jpg,flaky,dry,discolored,irritated,normal,red,flaky,flaky,red,1,1,1,0
155.jpg,swollen,dry,dry,red,normal,swollen,swollen,discolored,discolored,0,1,1,0
156.jpg,normal,red,irritated,dry,dry,red,irritated,dry,swollen,1,0,1,1
157.jpg,flaky,normal,swollen,red,normal,irritated,normal,swollen,red,0,1,1,0
158.jpg,normal,normal,red,normal,irritated,normal,discolored,swollen,discolored,0,0,0,1
159.jpg,swollen,normal,swollen,dry,discolored,flaky,normal,flaky,irritated,1,1,0,0
160.jpg,flaky,dry,red,dry,dry,normal,flaky,irritated,flaky,1,1,0,1
161.jpg,red,red,red,discolored,discolored,discolored,swollen,flaky,dry,0,0,1,1
162.jpg,flaky,swollen,normal,normal,discolored,normal,discolored,swollen,swollen,1,1,0,0
163.jpg,discolored,swollen,discolored,flaky,flaky,normal,flaky,swollen,flaky,1,0,0,1
164.jpg,red,discolored,normal,red,discolored,flaky,red,flaky,irritated,1,1,0,1
165.jpg,swollen,red,red,discolored,dry,discolored,swollen,dry,red,0,0,0,0
166.jpg,discolored,normal,discolored,discolored,dry,flaky,dry,dry,flaky,1,0,0,1
167.jpg,red,discolored,dry,dry,flaky,normal,dry,discolored,red,0,0,0,0
168.jpg,normal,swollen,irritated,discolored,normal,flaky,discolored,discolored,swollen,1,1,1,0
169.jpg,red,normal,flaky,normal,swollen,red,swollen,swollen,dry,1,1,1,1
170.jpg,red,swollen,dry,swollen,red,swollen,flaky,normal,flaky,1,1,0,1
171.jpg,discolored,irritated,flaky,red,irritated,dry,irritated,normal,flaky,1,0,0,1
172.jpg,flaky,normal,flaky,irritated,normal,flaky,discolored,flaky,discolored,1,0,0,0
173.jpg,irritated,red,dry,flaky,flaky,swollen,dry,dry,swollen,0,1,1,1
174.jpg,dry,flaky,irritated,dry,dry,normal,normal,irritated,normal,0,0,1,0
175.jpg,irritated,red,irritated,swollen,irritated,irritated,normal,dry,discolored,1,1,1,1
176.jpg,normal,dry,red,irritated,red,swollen,normal,discolored,normal,0,0,1,0
177.jpg,swollen,red,red,flaky,swollen,discolored,red,dry,swollen,0,1,0,1
178.jpg,normal,normal,discolored,red,normal,irritated,irritated,discolored,swollen,0,0,1,0
179.jpg,flaky,normal,flaky,irritated,flaky,swollen,red,normal,flaky,1,1,0,1
180.jpg,discolored,flaky,irritated,red,red,discolored,dry,discolored,dry,0,1,1,0
181.jpg,discolored,swollen,red,red,flaky,irritated,red,red,normal,1,1,1,1
182.jpg,dry,discolored,dry,discolored,normal,dry,irritated,flaky,dry,0,0,0,1
183.jpg,dry,swollen,dry,dry,dry,dry,discolored,discolored,dry,1,1,0,1
184.jpg,red,flaky,irritated,discolored,irritated,discolored,swollen,red,red,1,1,0,0
185.jpg,normal,normal,normal,irritated,swollen,normal,irritated,discolored,dry,0,1,0,0
186.jpg,dry,normal,normal,discolored,dry,flaky,red,irritated,dry,1,1,0,1
187.jpg,swollen,normal,irritated,dry,normal,normal,dry,irritated,red,1,1,1,1
188.jpg,normal,irritated,normal,flaky,irritated,irritated,dry,normal,flaky,1,0,1,0
189.jpg,dry,irritated,swollen,flaky,swollen,discolored,red,red,discolored,1,0,0,1
190.jpg,flaky,red,dry,red,flaky,normal,dry,dry,dry,0,1,0,1
191.jpg,dry,discolored,swollen,irritated,red,discolored,red,flaky,dry,1,1,1,0
192.jpg,normal,normal,flaky,irritated,dry,discolored,dry,normal,dry,1,1,0,1
193.jpg,dry,dry,normal,flaky,dry,flaky,irritated,swollen,flaky,0,0,0,0
194.jpg,dry,irritated,swollen,normal,irritated,irritated,dry,discolored,flaky,0,1,0,0
195.jpg,irritated,flaky,dry,normal,red,red,normal,flaky,red,0,1,1,1
196.jpg,red,flaky,dry,swollen,red,normal,red,red,irritated,1,1,1,0
197.jpg,irritated,irritated,dry,discolored,red,discolored,dry,swollen,dry,0,1,1,1
198.jpg,discolored,dry,normal,discolored,red,irritated,irritated,irritated,swollen,0,0,1,1
199.jpg,discolored,dry,dry,irritated,dry,irritated,dry,discolored,red,1,0,1,1
200.jpg,dry,normal,flaky,dry,flaky,swollen,dry,red,discolored,1,1,0,1
201.jpg,dry,red,red,discolored,discolored,discolored,discolored,swollen,irritated,1,1,0,0
202.jpg,swollen,dry,dry,normal,normal,dry,flaky,irritated,dry,0,0,0,0
203.jpg,discolored,irritated,swollen,irritated,red,swollen,normal,flaky,normal,0,1,1,1
204.jpg,red,flaky,flaky,irritated,red,dry,swollen,normal,normal,1,1,0,1
205.jpg,swollen,red,discolored,discolored,discolored,red,discolored,red,flaky,0,0,0,0
206.jpg,red,normal,discolored,irritated,dry,dry,flaky,red,normal,0,1,1,1
207.jpg,normal,discolored,flaky,normal,red,discolored,flaky,irritated,normal,1,1,0,1
208.jpg,swollen,irritated,flaky,red,swollen,dry,swollen,flaky,swollen,0,1,1,1
209.jpg,dry,irritated,discolored,red,red,flaky,red,dry,flaky,1,1,0,1
210.jpg,discolored,swollen,discolored,normal,discolored,swollen,red,discolored,normal,1,1,0,0
211.jpg,irritated,dry,red,flaky,flaky,flaky,normal,dry,red,0,0,0,0
212.jpg,discolored,swollen,normal,red,dry,irritated,normal,irritated,normal,1,1,0,0
213.jpg,normal,discolored,swollen,normal,red,normal,normal,red,dry,0,0,1,0
214.jpg,swollen,irritated,discolored,discolored,dry,flaky,irritated,normal,red,1,0,1,0
215.jpg,normal,normal,irritated,dry,swollen,discolored,flaky,normal,flaky,1,0,1,1
216.jpg,irritated,red,red,red,discolored,dry,irritated,swollen,flaky,0,0,1,0
217.jpg,swollen,swollen,red,flaky,irritated,discolored,irritated,normal,flaky,0,1,0,0
218.jpg,irritated,red,irritated,dry,discolored,swollen,swollen,irritated,red,0,1,1,1
219.jpg,flaky,normal,swollen,flaky,red,irritated,red,flaky,discolored,0,0,0,1
220.jpg,discolored,flaky,flaky,normal,flaky,normal,irritated,irritated,dry,1,1,0,1
221.jpg,normal,discolored,flaky,dry,discolored,dry,swollen,discolored,normal,1,0,0,0
222.jpg,discolored,dry,red,flaky,red,irritated,swollen,red,discolored,0,0,0,0
223.jpg,dry,dry,dry,dry,flaky,swollen,irritated,normal,dry,1,0,1,1
224.jpg,swollen,swollen,swollen,irritated,discolored,red,normal,irritated,discolored,1,1,1,1
225.jpg,normal,irritated,normal,flaky,dry,red,flaky,red,normal,1,0,0,1
226.jpg,dry,discolored,flaky,normal,swollen,discolored,red,normal,swollen,0,0,0,1
227.jpg,red,irritated,swollen,dry,flaky,swollen,red,flaky,dry,0,1,1,1
228.jpg,normal,normal,red,irritated,normal,dry,dry,flaky,red,1,0,0,0
229.jpg,flaky,swollen,dry,dry,red,dry,normal,flaky,irritated,0,1,1,0
230.jpg,flaky,dry,swollen,discolored,normal,normal,irritated,discolored,flaky,1,1,0,1
231.jpg,normal,normal,swollen,irritated,discolored,swollen,dry,irritated,discolored,1,1,1,0
232.jpg,irritated,irritated,normal,dry,irritated,flaky,dry,discolored,swollen,0,0,0,0
233.jpg,normal,swollen,irritated,swollen,irritated,discolored,red,swollen,dry,0,0,1,1
234.jpg,flaky,dry,normal,irritated,discolored,swollen,normal,flaky,flaky,1,0,0,0
235.jpg,irritated,red,dry,swollen,normal,irritated,dry,irritated,discolored,0,0,1,1
236.jpg,discolored,discolored,normal,flaky,discolored,flaky,dry,irritated,dry,0,0,0,0
237.jpg,discolored,irritated,irritated,flaky,irritated,swollen,dry,swollen,normal,1,0,1,0
238.jpg,swollen,swollen,normal,red,normal,discolored,swollen,discolored,dry,0,0,1,1
239.jpg,swollen,irritated,dry,irritated,irritated,red,dry,red,flaky,0,0,0,0
240.jpg,red,red,dry,irritated,irritated,swollen,dry,dry,normal,1,1,0,0
241.jpg,irritated,discolored,swollen,normal,dry,normal,swollen,dry,irritated,1,1,1,1
242.jpg,discolored,swollen,dry,flaky,discolored,normal,irritated,red,dry,0,0,0,1
243.jpg,swollen,irritated,swollen,red,normal,swollen,swollen,irritated,normal,1,0,0,1
244.jpg,dry,irritated,dry,dry,normal,dry,irritated,flaky,normal,1,1,0,1
245.jpg,swollen,normal,red,irritated,dry,irritated,normal,irritated,irritated,1,1,1,1
246.jpg,discolored,discolored,irritated,swollen,irritated,swollen,irritated,normal,normal,0,1,1,0
247.jpg,irritated,red,discolored,dry,irritated,discolored,flaky,swollen,irritated,0,1,0,1
248.jpg,flaky,normal,irritated,normal,discolored,red,normal,dry,irritated,0,0,0,0
249.jpg,discolored,flaky,red,red,irritated,normal,swollen,red,red,1,0,0,1
250.jpg,irritated,dry,flaky,normal,normal,irritated,normal,dry,irritated,0,0,1,0
251.jpg,discolored,swollen,swollen,dry,irritated,flaky,swollen,red,swollen,0,0,0,1
252.jpg,dry,discolored,dry,discolored,dry,swollen,flaky,normal,swollen,1,0,0,1
253.jpg,irritated,flaky,swollen,dry,discolored,discolored,swollen,swollen,irritated,0,0,1,0
254.jpg,irritated,discolored,flaky,red,irritated,swollen,flaky,dry,red,0,1,0,0
255.jpg,normal,normal,flaky,discolored,flaky,red,swollen,normal,dry,1,1,0,0
256.jpg,flaky,red,irritated,discolored,flaky,dry,irritated,swollen,irritated,0,1,0,1
257.jpg,swollen,dry,flaky,normal,swollen,irritated,normal,discolored,red,0,0,0,0
258.jpg,discolored,irritated,dry,normal,swollen,irritated,swollen,red,flaky,1,1,1,0
259.jpg,flaky,dry,dry,normal,discolored,discolored,flaky,normal,flaky,0,1,1,0
260.jpg,red,swollen,dry,discolored,red,dry,red,swollen,flaky,0,1,0,0
261.jpg,flaky,red,normal,discolored,swollen,irritated,flaky,swollen,flaky,1,1,0,1
262.jpg,dry,dry,irritated,swollen,red,discolored,normal,red,red,0,0,0,0
263.jpg,red,discolored,discolored,swollen,normal,red,normal,flaky,flaky,0,0,1,0
264.jpg,normal,irritated,dry,red,normal,irritated,dry,normal,irritated,1,0,1,0
265.jpg,normal,flaky,dry,discolored,swollen,flaky,normal,normal,red,1,1,1,0
266.jpg,swollen,dry,flaky,dry,irritated,dry,dry,red,red,1,0,1,1
267.jpg,discolored,irritated,red,flaky,dry,flaky,red,red,swollen,1,1,1,0
268.jpg,flaky,flaky,dry,discolored,red,flaky,dry,dry,red,0,1,1,1
269.jpg,discolored,normal,swollen,flaky,swollen,flaky,swollen,irritated,dry,1,1,1,1
270.jpg,irritated,normal,swollen,discolored,dry,dry,discolored,swollen,discolored,0,0,0,0
271.jpg,dry,red,irritated,discolored,red,flaky,swollen,irritated,dry,0,1,1,0
272.jpg,dry,irritated,flaky,normal,red,swollen,irritated,red,discolored,1,0,1,0
273.jpg,normal,normal,irritated,irritated,normal,red,dry,irritated,swollen,0,1,0,1
274.jpg,discolored,irritated,dry,irritated,swollen,swollen,dry,swollen,dry,1,1,0,1
275.jpg,normal,dry,flaky,normal,flaky,flaky,flaky,irritated,swollen,0,1,1,1
276.jpg,red,swollen,flaky,discolored,red,dry,discolored,irritated,discolored,0,0,0,1
277.jpg,swollen,discolored,irritated,red,red,irritated,red,flaky,flaky,1,0,0,0
278.jpg,dry,flaky,flaky,irritated,swollen,dry,flaky,normal,dry,1,0,0,0
279.jpg,dry,normal,dry,normal,irritated,red,red,discolored,discolored,1,1,1,0
280.jpg,discolored,irritated,swollen,dry,swollen,discolored,red,irritated,discolored,0,0,1,0
281.jpg,red,swollen,discolored,normal,dry,dry,flaky,normal,normal,0,1,1,1
282.jpg,discolored,swollen,normal,irritated,normal,irritated,irritated,flaky,flaky,0,1,0,0
283.jpg,swollen,irritated,swollen,flaky,swollen,flaky,flaky,irritated,flaky,0,0,1,0
284.jpg,normal,flaky,red,red,irritated,red,flaky,dry,flaky,1,0,1,1
285.jpg,dry,swollen,discolored,swollen,normal,discolored,irritated,swollen,irritated,1,0,1,0
286.jpg,normal,swollen,dry,irritated,swollen,normal,irritated,swollen,irritated,1,0,0,1
287.jpg,red,normal,discolored,dry,flaky,normal,normal,swollen,flaky,1,1,0,1
288.jpg,discolored,irritated,red,red,swollen,red,flaky,discolored,dry,1,1,1,0
289.jpg,swollen,discolored,red,swollen,red,flaky,flaky,flaky,discolored,1,1,0,1
290.jpg,discolored,dry,discolored,irritated,dry,flaky,discolored,swollen,normal,1,1,1,0
291.jpg,swollen,swollen,discolored,swollen,red,swollen,dry,discolored,normal,1,1,1,1
292.jpg,red,irritated,normal,normal,swollen,discolored,flaky,dry,swollen,0,0,1,1
293.jpg,dry,red,swollen,red,irritated,flaky,discolored,swollen,flaky,0,1,1,0
294.jpg,flaky,discolored,irritated,flaky,swollen,discolored,red,normal,normal,1,1,1,1
295.jpg,flaky,irritated,irritated,discolored,irritated,red,swollen,flaky,discolored,0,1,1,1
296.jpg,swollen,dry,flaky,discolored,swollen,irritated,red,irritated,normal,0,1,1,0
297.jpg,flaky,swollen,normal,normal,normal,dry,irritated,red,flaky,1,0,1,1
298.jpg,red,normal,discolored,discolored,discolored,flaky,flaky,flaky,discolored,1,0,0,0
299.jpg,normal,swollen,normal,dry,red,swollen,red,normal,red,0,1,0,1
300.jpg,red,discolored,red,normal,flaky,discolored,normal,swollen,discolored,1,1,1,1
301.jpg,normal,dry,irritated,dry,red,red,red,discolored,normal,1,1,0,1
302.jpg,red,discolored,dry,discolored,irritated,flaky,red,irritated,red,1,1,1,1
303.jpg,discolored,discolored,irritated,dry,swollen,flaky,discolored,normal,red,1,1,0,1
304.jpg,normal,irritated,red,dry,irritated,flaky,dry,flaky,discolored,0,0,1,1
305.jpg,flaky,swollen,normal,normal,discolored,normal,discolored,swollen,discolored,0,0,0,0
306.jpg,red,normal,normal,irritated,swollen,red,irritated,flaky,red,0,0,1,0
307.jpg,discolored,swollen,red,swollen,swollen,normal,red,red,normal,0,0,0,0
308.jpg,irritated,dry,swollen,normal,swollen,flaky,normal,dry,flaky,1,0,0,1
309.jpg,normal,swollen,irritated,red,swollen,irritated,discolored,swollen,dry,1,1,0,1
310.jpg,normal,dry,swollen,dry,irritated,dry,irritated,swollen,irritated,0,0,0,0
311.jpg,irritated,dry,discolored,flaky,swollen,normal,red,irritated,red,0,0,1,1
312.jpg,red,irritated,irritated,dry,red,swollen,irritated,normal,flaky,1,0,1,1
313.jpg,discolored,normal,swollen,dry,normal,normal,dry,red,swollen,1,0,0,1
314.jpg,flaky,red,dry,discolored,swollen,red,swollen,flaky,red,0,0,1,0
315.jpg,irritated,normal,flaky,normal,irritated,flaky,red,swollen,flaky,1,0,0,0
316.jpg,normal,normal,flaky,dry,normal,discolored,flaky,irritated,irritated,1,0,1,1
317.jpg,swollen,red,normal,dry,irritated,swollen,discolored,discolored,discolored,1,0,0,0
318.jpg,discolored,red,irritated,swollen,red,dry,irritated,swollen,flaky,0,0,0,1
319.jpg,flaky,dry,red,flaky,flaky,normal,irritated,dry,discolored,0,1,1,0
320.jpg,red,swollen,normal,dry,swollen,dry,swollen,irritated,red,1,1,1,0
321.jpg,dry,discolored,flaky,irritated,red,swollen,dry,normal,normal,1,1,0,1
322.jpg,swollen,normal,discolored,discolored,discolored,swollen,dry,irritated,red,0,0,0,0
323.jpg,swollen,red,swollen,irritated,swollen,red,flaky,red,flaky,0,1,0,1
324.jpg,flaky,flaky,swollen,red,normal,flaky,discolored,flaky,flaky,0,1,1,1
325.jpg,swollen,normal,dry,irritated,swollen,flaky,discolored,discolored,swollen,0,1,1,0
326.jpg,normal,red,red,swollen,normal,dry,irritated,dry,flaky,1,0,1,0
327.jpg,flaky,discolored,red,discolored,dry,swollen,normal,dry,discolored,1,1,0,0
328.jpg,dry,flaky,irritated,red,discolored,irritated,red,swollen,red,0,0,1,1
329.jpg,irritated,irritated,normal,swollen,red,irritated,discolored,irritated,dry,1,0,1,1
330.jpg,dry,swollen,red,flaky,irritated,irritated,red,flaky,swollen,1,1,1,1
331.jpg,dry,discolored,dry,discolored,swollen,dry,discolored,red,discolored,0,1,1,0
332.jpg,discolored,irritated,discolored,red,flaky,red,normal,dry,swollen,1,1,0,1
333.jpg,normal,swollen,red,irritated,swollen,flaky,red,discolored,discolored,0,1,0,0
334.jpg,swollen,flaky,discolored,normal,flaky,flaky,flaky,flaky,swollen,0,1,1,0
335.jpg,discolored,normal,irritated,swollen,irritated,dry,swollen,discolored,irritated,1,1,1,1
336.jpg,flaky,dry,irritated,irritated,discolored,red,flaky,discolored,normal,1,0,0,0
337.jpg,swollen,swollen,irritated,dry,irritated,normal,normal,swollen,flaky,0,0,0,1
338.jpg,discolored,flaky,flaky,flaky,red,swollen,dry,flaky,red,1,1,1,1
339.jpg,flaky,dry,flaky,red,swollen,dry,flaky,normal,dry,1,1,0,0
340.jpg,normal,red,discolored,red,flaky,discolored,normal,discolored,dry,0,1,0,0
341.jpg,swollen,dry,red,red,irritated,normal,irritated,swollen,red,0,0,0,0
342.jpg,red,red,dry,red,irritated,normal,dry,discolored,discolored,1,0,0,1
343.jpg,swollen,dry,dry,flaky,discolored,irritated,dry,normal,discolored,1,0,0,1
344.jpg,dry,flaky,red,swollen,normal,discolored,irritated,irritated,flaky,1,0,1,1
345.jpg,swollen,irritated,discolored,discolored,red,flaky,flaky,swollen,normal,1,0,1,0
346.jpg,red,irritated,normal,dry,discolored,red,normal,dry,red,1,0,1,0
347.jpg,red,swollen,red,flaky,flaky,normal,swollen,swollen,normal,0,1,0,1
348.jpg,red,dry,dry,dry,discolored,red,irritated,normal,irritated,0,0,0,1
349.jpg,red,irritated,dry,dry,normal,swollen,dry,dry,dry,1,0,1,0
350.jpg,discolored,irritated,irritated,discolored,flaky,normal,swollen,swollen,flaky,0,1,1,0
351.jpg,dry,normal,red,dry,normal,discolored,normal,discolored,dry,1,1,0,1
352.jpg,swollen,flaky,irritated,irritated,discolored,dry,normal,dry,red,0,1,0,0
353.jpg,flaky,normal,irritated,flaky,flaky,swollen,red,red,dry,0,1,1,0
354.jpg,irritated,flaky,discolored,normal,dry,irritated,swollen,discolored,normal,1,1,1,1
355.jpg,discolored,normal,discolored,discolored,swollen,swollen,dry,discolored,normal,1,0,1,1
356.jpg,flaky,dry,irritated,flaky,swollen,red,normal,normal,normal,0,0,0,0
357.jpg,flaky,flaky,swollen,red,dry,dry,swollen,irritated,irritated,1,0,0,0
358.jpg,discolored,flaky,flaky,dry,red,irritated,discolored,red,discolored,0,0,1,0
359.jpg,irritated,red,swollen,dry,swollen,discolored,discolored,swollen,normal,1,1,1,1
360.jpg,discolored,normal,dry,swollen,swollen,red,red,normal,irritated,0,1,1,1
361.jpg,irritated,red,dry,red,flaky,flaky,normal,irritated,swollen,0,0,0,1
362.jpg,irritated,normal,dry,swollen,dry,red,swollen,irritated,dry,0,1,0,0
363.jpg,irritated,swollen,irritated,red,red,swollen,discolored,swollen,normal,0,0,0,1
364.jpg,normal,dry,discolored,discolored,flaky,red,dry,dry,red,0,0,0,1
365.jpg,irritated,discolored,flaky,irritated,flaky,swollen,dry,dry,red,1,0,0,0
366.jpg,swollen,swollen,irritated,normal,swollen,normal,red,discolored,swollen,0,1,0,1
367.jpg,flaky,dry,red,discolored,red,red,normal,swollen,swollen,0,1,0,0
368.jpg,irritated,flaky,red,normal,discolored,flaky,flaky,normal,dry,1,0,0,0
369.jpg,normal,irritated,discolored,discolored,discolored,red,normal,discolored,discolored,0,0,0,0
370.jpg,normal,swollen,swollen,irritated,red,discolored,normal,swollen,discolored,0,0,0,1
371.jpg,swollen,irritated,irritated,flaky,normal,discolored,dry,dry,dry,1,1,0,0
372.jpg,irritated,swollen,normal,flaky,normal,swollen,swollen,normal,normal,0,1,1,1
373.jpg,normal,swollen,dry,flaky,dry,red,irritated,dry,dry,0,1,1,0
374.jpg,irritated,discolored,swollen,flaky,swollen,swollen,dry,swollen,flaky,1,0,1,1
375.jpg,discolored,red,red,irritated,discolored,red,red,dry,red,0,0,1,0
376.jpg,normal,normal,dry,irritated,discolored,irritated,discolored,irritated,discolored,0,0,0,0
377.jpg,red,dry,flaky,irritated,swollen,swollen,red,flaky,dry,0,0,1,0
378.jpg,flaky,red,normal,flaky,discolored,dry,discolored,normal,flaky,1,1,1,0
379.jpg,normal,flaky,dry,normal,flaky,flaky,dry,discolored,flaky,1,1,1,0
380.jpg,swollen,discolored,flaky,normal,dry,normal,dry,normal,swollen,0,0,1,0
381.jpg,swollen,normal,irritated,discolored,swollen,dry,discolored,dry,red,1,0,1,0
382.jpg,dry,dry,irritated,swollen,irritated,irritated,swollen,normal,red,0,0,0,1
383.jpg,flaky,normal,dry,flaky,flaky,flaky,normal,irritated,normal,1,1,1,0
384.jpg,irritated,red,flaky,red,discolored,discolored,discolored,swollen,discolored,1,1,1,0
385.jpg,flaky,flaky,irritated,flaky,discolored,dry,discolored,irritated,swollen,0,0,1,1
386.jpg,flaky,swollen,irritated,red,swollen,discolored,normal,swollen,red,0,1,1,0
387.jpg,red,swollen,normal,red,red,normal,normal,red,irritated,1,1,1,0
388.jpg,swollen,normal,irritated,discolored,dry,dry,swollen,red,red,1,1,0,0
389.jpg,dry,dry,red,irritated,irritated,irritated,normal,discolored,swollen,1,0,1,1
390.jpg,dry,swollen,flaky,dry,swollen,discolored,dry,swollen,flaky,0,1,1,0
391.jpg,swollen,flaky,normal,red,normal,dry,dry,irritated,dry,0,0,1,1
392.jpg,flaky,normal,swollen,discolored,discolored,red,discolored,discolored,normal,1,0,1,1
393.jpg,dry,flaky,discolored,dry,swollen,dry,flaky,swollen,flaky,1,0,0,1
394.jpg,discolored,normal,discolored,red,normal,swollen,swollen,dry,normal,1,0,0,1
395.jpg,flaky,flaky,flaky,swollen,flaky,dry,red,dry,red,1,1,1,0
396.jpg,swollen,dry,irritated,normal,flaky,swollen,irritated,flaky,normal,1,1,1,0
397.jpg,dry,normal,irritated,discolored,normal,dry,normal,swollen,swollen,0,0,0,0
398.jpg,dry,flaky,normal,flaky,dry,discolored,discolored,normal,red,0,1,0,1
399.jpg,dry,flaky,red,normal,discolored,irritated,flaky,normal,irritated,1,1,1,1
400.jpg,flaky,irritated,dry,red,swollen,irritated,normal,red,red,1,1,1,0
401.jpg,red,discolored,discolored,irritated,discolored,discolored,flaky,normal,red,1,1,0,1
402.jpg,flaky,discolored,irritated,irritated,dry,discolored,dry,dry,flaky,0,0,1,0
403.jpg,red,discolored,discolored,normal,dry,normal,irritated,dry,swollen,0,0,1,0
404.jpg,flaky,normal,dry,discolored,flaky,flaky,irritated,red,swollen,0,0,0,0
405.jpg,flaky,red,irritated,normal,irritated,irritated,normal,dry,flaky,0,0,1,0
406.jpg,swollen,normal,irritated,flaky,flaky,flaky,flaky,flaky,discolored,1,1,0,0
407.jpg,swollen,flaky,irritated,flaky,irritated,red,discolored,normal,red,0,1,1,0
408.jpg,dry,discolored,flaky,dry,swollen,normal,flaky,swollen,flaky,1,0,1,1
409.jpg,flaky,discolored,dry,irritated,flaky,dry,normal,normal,discolored,0,0,1,1
410.jpg,dry,irritated,irritated,discolored,normal,discolored,swollen,red,normal,1,0,1,0
411.jpg,normal,dry,red,discolored,flaky,discolored,flaky,normal,normal,0,1,1,0
412.jpg,flaky,red,discolored,red,normal,swollen,normal,swollen,swollen,0,1,1,0
413.jpg,irritated,discolored,irritated,normal,dry,flaky,red,discolored,discolored,0,1,1,1
414.jpg,red,normal,dry,discolored,red,swollen,flaky,red,irritated,0,0,0,0
415.jpg,dry,discolored,irritated,normal,irritated,dry,swollen,discolored,red,0,1,0,0
416.jpg,red,red,red,dry,red,irritated,red,flaky,red,1,1,1,0
417.jpg,red,swollen,flaky,red,red,normal,flaky,dry,irritated,0,0,0,0
418.jpg,irritated,swollen,swollen,discolored,flaky,discolored,irritated,red,normal,0,0,0,0
419.jpg,red,discolored,swollen,dry,swollen,irritated,discolored,red,swollen,0,0,0,0
420.jpg,dry,discolored,discolored,dry,irritated,normal,discolored,irritated,discolored,0,1,0,1
421.jpg,red,irritated,irritated,flaky,flaky,normal,normal,swollen,flaky,1,1,1,1
422.jpg,swollen,discolored,discolored,dry,normal,swollen,flaky,flaky,flaky,0,1,0,0
423.jpg,dry,swollen,dry,swollen,flaky,normal,normal,flaky,irritated,1,0,1,1
424.jpg,discolored,swollen,flaky,irritated,flaky,irritated,flaky,discolored,discolored,0,0,1,1
425.jpg,flaky,discolored,flaky,discolored,dry,dry,swollen,dry,discolored,1,0,0,0
426.jpg,flaky,red,red,red,discolored,flaky,swollen,dry,dry,0,0,0,0
427.jpg,discolored,dry,discolored,swollen,swollen,flaky,dry,red,swollen,0,1,1,1
428.jpg,normal,red,dry,normal,red,flaky,irritated,red,normal,1,1,0,0
429.jpg,discolored,flaky,dry,dry,discolored,discolored,irritated,swollen,flaky,1,0,0,0
430.jpg,swollen,red,dry,flaky,irritated,dry,discolored,swollen,flaky,1,0,1,1
431.jpg,swollen,red,irritated,swollen,normal,discolored,flaky,flaky,red,1,0,1,0
432.jpg,irritated,discolored,dry,dry,swollen,discolored,irritated,discolored,dry,0,0,0,1
433.jpg,discolored,discolored,normal,swollen,flaky,dry,dry,discolored,normal,0,0,1,0
434.jpg,flaky,swollen,swollen,irritated,normal,red,dry,discolored,swollen,0,0,1,1
435.jpg,normal,red,irritated,swollen,discolored,normal,irritated,flaky,swollen,0,1,0,1
436.jpg,swollen,discolored,swollen,discolored,red,swollen,irritated,discolored,dry,1,1,0,1
437.jpg,swollen,normal,swollen,red,swollen,dry,dry,flaky,irritated,0,1,1,1
438.jpg,irritated,flaky,normal,swollen,red,dry,irritated,irritated,discolored,1,1,0,1
439.jpg,flaky,red,dry,swollen,flaky,swollen,red,red,dry,0,0,0,0
440.jpg,red,red,red,swollen,dry,irritated,irritated,red,dry,0,1,1,0
441.jpg,dry,red,dry,flaky,dry,dry,discolored,swollen,red,1,0,1,1
442.jpg,discolored,irritated,red,discolored,discolored,normal,swollen,red,swollen,0,0,1,1
443.jpg,flaky,red,dry,flaky,red,swollen,swollen,red,flaky,0,0,1,1
444.jpg,swollen,red,discolored,swollen,discolored,irritated,discolored,flaky,normal,1,0,1,1
445.jpg,dry,normal,irritated,discolored,flaky,irritated,dry,discolored,discolored,0,1,0,1
446.jpg,swollen,normal,irritated,dry,flaky,swollen,normal,discolored,swollen,0,1,0,1
447.jpg,flaky,dry,red,discolored,swollen,red,dry,swollen,swollen,1,0,1,1
448.jpg,normal,irritated,swollen,dry,flaky,irritated,flaky,normal,irritated,1,1,1,0
449.jpg,discolored,normal,flaky,swollen,normal,discolored,normal,discolored,swollen,0,1,1,0
450.jpg,swollen,swollen,discolored,normal,dry,flaky,irritated,irritated,irritated,0,1,0,1
451.jpg,discolored,swollen,red,irritated,swollen,normal,discolored,flaky,irritated,0,0,1,1
452.jpg,irritated,dry,normal,discolored,irritated,flaky,normal,normal,dry,0,1,1,1
453.jpg,red,discolored,swollen,red,discolored,swollen,discolored,red,dry,0,0,1,1
454.jpg,normal,dry,flaky,red,red,swollen,normal,dry,red,0,1,1,0
455.jpg,irritated,irritated,dry,swollen,swollen,discolored,normal,swollen,normal,0,1,1,0
456.jpg,red,irritated,discolored,dry,normal,dry,red,dry,red,1,0,0,1
457.jpg,discolored,discolored,dry,normal,red,red,swollen,discolored,swollen,0,1,0,0
458.jpg,normal,normal,irritated,swollen,discolored,red,irritated,discolored,discolored,1,0,0,1
459.jpg,normal,dry,dry,normal,flaky,discolored,irritated,dry,discolored,1,0,0,0
460.jpg,dry,flaky,discolored,swollen,dry,normal,swollen,irritated,normal,0,1,1,0
461.jpg,dry,dry,discolored,discolored,red,dry,dry,dry,swollen,1,1,0,1
462.jpg,discolored,dry,red,normal,flaky,irritated,normal,irritated,swollen,1,1,0,1
463.jpg,normal,red,flaky,irritated,discolored,flaky,discolored,flaky,flaky,0,0,1,0
464.jpg,dry,flaky,dry,red,red,flaky,normal,flaky,discolored,1,1,1,1
465.jpg,discolored,dry,normal,discolored,dry,normal,discolored,flaky,swollen,1,1,1,0
466.jpg,swollen,discolored,dry,flaky,dry,normal,irritated,swollen,swollen,0,0,0,0
467.jpg,red,red,swollen,normal,irritated,red,irritated,dry,flaky,1,1,0,0
468.jpg,discolored,discolored,red,irritated,red,normal,discolored,dry,flaky,1,1,0,0
469.jpg,normal,irritated,swollen,red,discolored,normal,irritated,dry,swollen,1,0,1,1
470.jpg,swollen,flaky,normal,normal,dry,red,flaky,red,flaky,1,1,1,1
471.jpg,flaky,red,flaky,discolored,flaky,discolored,dry,flaky,flaky,1,1,1,0
472.jpg,flaky,flaky,discolored,red,dry,normal,dry,irritated,dry,0,0,1,0
473.jpg,irritated,swollen,irritated,irritated,swollen,swollen,flaky,dry,swollen,1,0,0,1
474.jpg,flaky,normal,flaky,flaky,flaky,swollen,red,discolored,irritated,1,0,0,0
475.jpg,irritated,normal,normal,normal,discolored,red,irritated,dry,discolored,0,1,0,1
476.jpg,irritated,red,normal,flaky,irritated,dry,discolored,red,normal,0,1,0,1
477.jpg,discolored,red,swollen,flaky,discolored,discolored,red,swollen,red,0,1,1,0
478.jpg,red,dry,swollen,swollen,flaky,red,dry,irritated,flaky,0,0,0,0
479.jpg,discolored,flaky,discolored,discolored,discolored,swollen,discolored,swollen,swollen,0,1,0,1
480.jpg,red,swollen,swollen,irritated,red,normal,swollen,flaky,normal,1,0,1,0
481.jpg,irritated,irritated,discolored,normal,irritated,flaky,swollen,red,discolored,0,1,1,0
482.jpg,discolored,dry,irritated,dry,discolored,red,red,red,dry,1,0,0,0
483.jpg,normal,dry,swollen,normal,irritated,dry,dry,swollen,normal,1,1,1,1
484.jpg,irritated,discolored,irritated,irritated,dry,normal,red,irritated,irritated,0,0,0,1
485.jpg,irritated,flaky,irritated,swollen,red,flaky,flaky,normal,normal,0,0,0,1
486.jpg,irritated,normal,red,flaky,swollen,swollen,swollen,discolored,swollen,1,1,1,0
487.jpg,irritated,flaky,dry,red,red,flaky,irritated,dry,swollen,0,1,0,0
488.jpg,red,dry,flaky,swollen,flaky,swollen,swollen,swollen,red,0,0,0,0
489.jpg,red,irritated,discolored,swollen,dry,flaky,dry,dry,flaky,0,0,1,0
490.jpg,red,red,dry,normal,flaky,red,swollen,swollen,discolored,0,0,0,0
491.jpg,red,dry,normal,discolored,discolored,normal,flaky,discolored,swollen,1,0,0,1
492.jpg,irritated,discolored,swollen,red,dry,dry,discolored,discolored,dry,1,0,1,0
493.jpg,flaky,discolored,flaky,swollen,red,irritated,swollen,dry,swollen,1,1,0,1
494.jpg,normal,discolored,discolored,irritated,dry,swollen,flaky,red,dry,0,0,0,0
495.jpg,flaky,irritated,flaky,flaky,dry,irritated,red,irritated,dry,0,1,1,1
496.jpg,flaky,normal,discolored,normal,discolored,red,red,red,flaky,0,0,1,0
497.jpg,swollen,discolored,dry,discolored,normal,dry,irritated,red,discolored,0,0,0,0
498.jpg,normal,red,irritated,discolored,flaky,flaky,red,discolored,red,1,0,0,0
499.jpg,flaky,flaky,red,swollen,red,swollen,irritated,flaky,normal,0,0,1,1
500.jpg,flaky,discolored,normal,discolored,flaky,irritated,dry,swollen,swollen,1,1,0,1
501.jpg,swollen,normal,discolored,irritated,discolored,dry,swollen,dry,discolored,1,0,0,0
502.jpg,irritated,normal,swollen,swollen,irritated,normal,discolored,flaky,flaky,1,1,0,1
503.jpg,flaky,irritated,flaky,swollen,swollen,discolored,swollen,dry,discolored,0,0,0,1
504.jpg,dry,red,swollen,swollen,dry,flaky,irritated,swollen,swollen,0,1,0,1
505.jpg,dry,normal,dry,dry,dry,red,discolored,red,normal,1,0,1,0
506.jpg,red,discolored,discolored,irritated,red,dry,normal,irritated,dry,1,0,0,1
507.jpg,flaky,swollen,discolored,irritated,swollen,dry,swollen,red,dry,1,0,0,0
508.jpg,flaky,red,discolored,swollen,red,irritated,swollen,dry,discolored,1,0,1,0
509.jpg,flaky,dry,flaky,dry,flaky,discolored,discolored,dry,normal,0,1,1,0
510.jpg,red,dry,discolored,discolored,dry,flaky,flaky,dry,flaky,0,0,1,0
511.jpg,discolored,flaky,normal,irritated,discolored,dry,normal,irritated,irritated,1,1,0,0
512.jpg,flaky,dry,flaky,normal,flaky,flaky,discolored,irritated,flaky,1,0,0,0
513.jpg,dry,flaky,swollen,irritated,dry,discolored,red,flaky,normal,1,0,0,0
514.jpg,dry,swollen,normal,red,flaky,normal,discolored,normal,dry,1,0,1,0
515.jpg,flaky,swollen,irritated,flaky,discolored,discolored,dry,flaky,dry,1,1,0,1
516.jpg,flaky,normal,dry,flaky,irritated,dry,flaky,red,discolored,1,1,0,0
517.jpg,normal,discolored,dry,irritated,discolored,dry,flaky,flaky,swollen,1,1,0,1
518.jpg,red,red,normal,flaky,discolored,dry,red,normal,irritated,0,0,1,1
519.jpg,swollen,swollen,irritated,dry,red,red,discolored,red,swollen,0,0,1,1
520.jpg,discolored,swollen,red,red,red,irritated,flaky,normal,dry,0,0,0,0
521.jpg,flaky,swollen,flaky,flaky,flaky,dry,flaky,swollen,discolored,0,0,0,1
522.jpg,swollen,flaky,discolored,swollen,dry,discolored,normal,red,discolored,0,1,0,1
523.jpg,irritated,dry,normal,normal,flaky,dry,flaky,normal,irritated,1,0,1,1
524.jpg,normal,red,flaky,discolored,swollen,swollen,normal,irritated,normal,0,1,1,1
525.jpg,irritated,normal,flaky,normal,discolored,flaky,dry,swollen,flaky,0,0,1,1
526.jpg,normal,dry,normal,dry,red,flaky,swollen,irritated,irritated,0,1,0,0
527.jpg,irritated,red,dry,irritated,irritated,flaky,swollen,dry,flaky,0,0,1,1
528.jpg,dry,discolored,discolored,swollen,swollen,normal,flaky,normal,red,0,0,0,0
529.jpg,normal,normal,normal,dry,discolored,irritated,irritated,dry,irritated,0,0,1,1
530.jpg,normal,flaky,dry,dry,discolored,irritated,normal,swollen,flaky,1,0,0,0
531.jpg,dry,dry,red,dry,normal,dry,dry,irritated,normal,0,0,1,0
532.jpg,red,flaky,normal,discolored,red,normal,red,discolored,swollen,0,1,0,1
533.jpg,normal,irritated,flaky,discolored,red,normal,swollen,dry,flaky,0,1,1,1
534.jpg,discolored,swollen,flaky,dry,normal,discolored,flaky,red,discolored,0,0,0,0
535.jpg,irritated,flaky,normal,irritated,flaky,red,swollen,irritated,dry,0,0,0,1
536.jpg,swollen,red,discolored,flaky,dry,normal,normal,flaky,irritated,0,1,0,0
537.jpg,irritated,flaky,normal,dry,discolored,irritated,irritated,normal,dry,0,1,0,1
538.jpg,discolored,red,discolored,dry,irritated,discolored,swollen,irritated,discolored,0,0,0,0
539.jpg,flaky,swollen,red,irritated,dry,red,normal,discolored,red,1,0,0,1
540.jpg,swollen,flaky,normal,discolored,swollen,dry,swollen,red,red,0,0,0,1
541.jpg,discolored,red,normal,flaky,red,discolored,irritated,swollen,flaky,1,0,0,0
542.jpg,dry,flaky,discolored,red,normal,normal,flaky,dry,swollen,1,1,1,1
543.jpg,dry,discolored,discolored,normal,dry,flaky,swollen,swollen,swollen,1,0,0,0
544.jpg,swollen,red,dry,swollen,flaky,irritated,dry,red,flaky,1,1,0,1
545.jpg,discolored,flaky,dry,discolored,irritated,dry,red,flaky,swollen,0,0,0,1
546.jpg,red,swollen,swollen,normal,flaky,normal,red,discolored,discolored,1,1,0,0
547.jpg,irritated,red,irritated,normal,dry,red,discolored,red,flaky,0,0,1,0
548.jpg,swollen,swollen,normal,discolored,normal,red,swollen,discolored,irritated,0,1,0,1
549.jpg,irritated,red,dry,dry,irritated,red,red,irritated,normal,1,1,1,0
550.jpg,normal,flaky,irritated,flaky,swollen,swollen,normal,red,flaky,0,1,0,0
551.jpg,dry,irritated,normal,red,red,discolored,dry,red,red,1,1,1,1
552.jpg,normal,irritated,swollen,dry,swollen,red,red,discolored,swollen,1,1,0,1
553.jpg,dry,flaky,normal,dry,irritated,flaky,normal,swollen,irritated,0,1,0,1
554.jpg,dry,normal,normal,irritated,swollen,dry,dry,normal,dry,0,0,1,0
555.jpg,normal,dry,flaky,normal,normal,normal,dry,red,red,1,1,1,0
556.jpg,irritated,discolored,discolored,discolored,red,normal,flaky,dry,red,0,1,0,0
557.jpg,discolored,dry,normal,dry,swollen,red,irritated,irritated,flaky,0,0,1,1
558.jpg,red,dry,irritated,normal,dry,flaky,irritated,discolored,flaky,1,0,1,0
559.jpg,normal,dry,dry,normal,discolored,normal,irritated,dry,discolored,1,1,1,0
560.jpg,irritated,flaky,red,discolored,irritated,red,flaky,swollen,discolored,0,1,0,0
561.jpg,normal,flaky,red,irritated,dry,dry,dry,irritated,irritated,1,1,0,0
562.jpg,swollen,flaky,irritated,red,dry,discolored,normal,flaky,discolored,0,1,1,1
563.jpg,dry,irritated,swollen,flaky,irritated,discolored,red,swollen,irritated,1,0,1,0
564.jpg,irritated,discolored,swollen,discolored,discolored,irritated,normal,normal,red,1,0,0,1
565.jpg,dry,normal,red,discolored,discolored,normal,irritated,normal,red,1,1,0,0
566.jpg,discolored,discolored,normal,flaky,normal,flaky,discolored,dry,swollen,1,0,0,0
567.jpg,flaky,irritated,flaky,normal,dry,red,normal,red,irritated,1,1,1,0
568.jpg,irritated,swollen,flaky,swollen,dry,discolored,discolored,red,discolored,0,1,1,0
569.jpg,discolored,flaky,irritated,red,dry,red,flaky,swollen,irritated,1,1,1,1
570.jpg,irritated,normal,dry,normal,swollen,discolored,discolored,swollen,red,0,1,1,1
571.jpg,dry,irritated,flaky,dry,discolored,swollen,irritated,flaky,red,0,1,1,0
572.jpg,dry,swollen,discolored,swollen,irritated,irritated,swollen,swollen,swollen,1,0,1,1
573.jpg,red,irritated,discolored,flaky,swollen,normal,swollen,normal,dry,0,0,1,0
574.jpg,dry,irritated,dry,normal,flaky,discolored,dry,irritated,swollen,0,1,1,0
575.jpg,irritated,dry,red,discolored,swollen,dry,normal,red,red,1,0,1,1
576.jpg,discolored,flaky,swollen,red,flaky,discolored,discolored,normal,dry,1,1,1,1
577.jpg,normal,red,dry,irritated,red,irritated,normal,normal,discolored,0,1,0,1
578.jpg,irritated,discolored,discolored,irritated,swollen,normal,irritated,discolored,discolored,0,0,0,1
579.jpg,swollen,dry,normal,discolored,red,normal,normal,discolored,irritated,1,0,0,0
580.jpg,flaky,red,flaky,discolored,swollen,normal,swollen,dry,red,1,1,1,0
581.jpg,discolored,flaky,irritated,irritated,swollen,flaky,swollen,irritated,swollen,1,1,0,0
582.jpg,irritated,red,swollen,irritated,flaky,red,discolored,discolored,normal,0,1,0,0
583.jpg,red,discolored,dry,dry,discolored,flaky,normal,irritated,red,0,1,0,0
584.jpg,dry,flaky,irritated,flaky,flaky,dry,flaky,irritated,normal,0,1,1,0
585.jpg,flaky,dry,swollen,irritated,red,discolored,flaky,normal,dry,0,0,1,0
586.jpg,dry,irritated,irritated,irritated,flaky,red,flaky,irritated,normal,1,0,1,1
587.jpg,red,normal,red,red,dry,swollen,flaky,irritated,red,0,1,1,1
588.jpg,flaky,swollen,swollen,dry,flaky,discolored,irritated,swollen,flaky,1,0,0,0
589.jpg,flaky,flaky,normal,swollen,flaky,flaky,normal,red,red,1,0,0,1
590.jpg,normal,red,normal,dry,swollen,irritated,irritated,flaky,dry,1,0,0,1
591.jpg,irritated,red,discolored,irritated,dry,irritated,flaky,discolored,irritated,1,0,0,0
592.jpg,normal,discolored,irritated,swollen,irritated,red,discolored,flaky,normal,1,1,0,1
593.jpg,discolored,red,irritated,discolored,dry,normal,discolored,flaky,swollen,0,0,1,1
594.jpg,normal,dry,irritated,dry,red,dry,flaky,dry,dry,0,0,1,0
595.jpg,red,discolored,dry,swollen,irritated,dry,discolored,swollen,normal,1,1,1,1
596.jpg,red,dry,normal,normal,flaky,normal,discolored,discolored,dry,1,0,0,0
597.jpg,normal,irritated,swollen,swollen,normal,red,irritated,dry,red,1,0,1,0
598.jpg,discolored,red,flaky,swollen,flaky,red,swollen,irritated,normal,1,1,1,0
599.jpg,red,flaky,normal,normal,red,dry,normal,irritated,irritated,0,0,1,0
600.jpg,dry,dry,normal,discolored,swollen,normal,flaky,discolored,discolored,0,1,1,0
601.jpg,discolored,normal,dry,swollen,red,flaky,normal,swollen,dry,1,1,1,1
602.jpg,flaky,red,irritated,discolored,swollen,normal,normal,dry,normal,1,1,0,0
603.jpg,discolored,irritated,normal,dry,normal,red,flaky,flaky,red,0,0,0,1
604.jpg,swollen,irritated,irritated,irritated,flaky,red,discolored,dry,discolored,1,1,1,1
605.jpg,discolored,dry,normal,normal,normal,flaky,red,normal,flaky,0,0,0,1
606.jpg,normal,flaky,swollen,irritated,dry,red,red,irritated,dry,1,1,1,0
607.jpg,red,swollen,normal,flaky,dry,flaky,dry,swollen,swollen,0,1,1,0
608.jpg,red,swollen,normal,dry,irritated,dry,irritated,normal,normal,1,0,1,1
609.jpg,red,discolored,swollen,normal,dry,swollen,swollen,red,red,0,0,1,0
610.jpg,red,flaky,swollen,flaky,red,irritated,dry,flaky,normal,0,0,1,0
611.jpg,swollen,swollen,discolored,swollen,dry,red,discolored,dry,dry,0,0,1,1
612.jpg,irritated,swollen,dry,irritated,normal,irritated,irritated,red,swollen,0,1,1,0
613.jpg,swollen,normal,dry,irritated,dry,normal,red,irritated,swollen,1,0,0,1
614.jpg,discolored,irritated,swollen,flaky,irritated,dry,discolored,red,red,1,0,1,1
615.jpg,irritated,red,red,normal,flaky,red,swollen,flaky,dry,1,0,1,1
616.jpg,normal,red,flaky,discolored,normal,normal,swollen,dry,red,1,0,0,0
617.jpg,flaky,red,dry,swollen,normal,normal,normal,normal,dry,0,1,0,1
618.jpg,red,flaky,dry,dry,discolored,flaky,normal,normal,dry,0,0,1,1
619.jpg,normal,red,discolored,swollen,irritated,irritated,dry,discolored,flaky,1,1,0,1
620.jpg,dry,swollen,dry,red,swollen,discolored,discolored,irritated,swollen,1,1,0,1
621.jpg,discolored,swollen,swollen,normal,swollen,normal,swollen,swollen,swollen,0,0,0,1
622.jpg,red,flaky,swollen,flaky,swollen,irritated,normal,flaky,swollen,1,1,0,1
623.jpg,swollen,swollen,red,irritated,dry,normal,discolored,swollen,flaky,0,1,0,0
624.jpg,irritated,swollen,flaky,discolored,swollen,irritated,swollen,dry,discolored,0,1,0,0
625.jpg,dry,irritated,irritated,normal,irritated,dry,irritated,irritated,dry,1,1,0,1
626.jpg,flaky,flaky,normal,irritated,irritated,flaky,normal,dry,swollen,1,0,0,0
627.jpg,red,discolored,swollen,irritated,swollen,dry,discolored,flaky,irritated,0,1,0,0
628.jpg,normal,irritated,red,swollen,red,flaky,irritated,normal,red,0,0,0,0
629.jpg,dry,red,flaky,irritated,red,normal,red,discolored,irritated,0,1,1,1
630.jpg,swollen,irritated,flaky,irritated,swollen,irritated,red,red,flaky,1,0,1,1
631.jpg,dry,swollen,flaky,red,red,swollen,swollen,flaky,discolored,1,0,0,0
632.jpg,dry,flaky,flaky,irritated,flaky,red,irritated,red,discolored,1,0,1,0
633.jpg,irritated,swollen,dry,irritated,discolored,red,discolored,red,dry,1,1,1,0
634.jpg,irritated,flaky,swollen,normal,swollen,irritated,flaky,red,dry,1,1,0,1
635.jpg,red,discolored,swollen,irritated,irritated,red,normal,dry,normal,1,0,0,1
636.jpg,red,irritated,flaky,flaky,red,discolored,swollen,irritated,swollen,1,0,0,0
637.jpg,irritated,dry,irritated,irritated,normal,flaky,discolored,normal,swollen,1,0,1,0
638.jpg,discolored,normal,irritated,flaky,dry,swollen,flaky,swollen,red,1,0,0,0
639.jpg,red,dry,dry,flaky,flaky,dry,irritated,normal,red,1,0,1,1
640.jpg,normal,irritated,swollen,discolored,dry,normal,normal,swollen,irritated,0,0,1,1
641.jpg,normal,irritated,swollen,discolored,swollen,flaky,irritated,flaky,red,1,1,1,1
642.jpg,flaky,discolored,irritated,normal,normal,swollen,swollen,discolored,discolored,1,0,1,1
643.jpg,swollen,flaky,red,dry,swollen,irritated,red,discolored,irritated,0,1,0,0
644.jpg,discolored,swollen,dry,discolored,flaky,flaky,normal,swollen,discolored,0,0,1,0
645.jpg,swollen,normal,normal,dry,discolored,dry,discolored,flaky,swollen,1,0,1,1
646.jpg,irritated,irritated,swollen,swollen,dry,normal,discolored,irritated,swollen,1,0,0,0
647.jpg,red,dry,red,dry,swollen,normal,dry,flaky,red,1,1,1,1
648.jpg,discolored,normal,normal,swollen,red,normal,red,flaky,irritated,0,1,1,0
649.jpg,dry,red,dry,flaky,red,normal,dry,normal,discolored,0,1,0,1
650.jpg,flaky,dry,red,dry,discolored,discolored,red,discolored,discolored,0,0,1,1
651.jpg,normal,red,discolored,normal,irritated,swollen,normal,discolored,irritated,1,0,1,0
652.jpg,normal,red,discolored,normal,swollen,swollen,dry,discolored,discolored,0,1,0,0
653.jpg,dry,normal,normal,red,flaky,discolored,discolored,normal,dry,1,0,0,0
654.jpg,red,flaky,dry,irritated,swollen,dry,red,normal,flaky,1,1,0,1
655.jpg,discolored,swollen,irritated,red,red,irritated,normal,irritated,irritated,0,0,0,0
656.jpg,dry,discolored,flaky,irritated,irritated,flaky,normal,discolored,irritated,0,1,1,0
657.jpg,flaky,dry,swollen,dry,swollen,swollen,swollen,swollen,red,1,0,0,0
658.jpg,discolored,dry,red,discolored,flaky,normal,red,normal,discolored,0,1,1,1
659.jpg,swollen,normal,swollen,discolored,swollen,discolored,flaky,irritated,dry,0,1,1,1
660.jpg,red,swollen,swollen,red,red,normal,normal,normal,red,1,0,0,0
661.jpg,irritated,discolored,swollen,normal,dry,dry,discolored,red,irritated,1,1,0,1
662.jpg,red,irritated,irritated,dry,discolored,red,discolored,discolored,normal,0,0,1,0
663.jpg,flaky,irritated,normal,normal,flaky,red,dry,normal,discolored,0,1,0,1
664.jpg,dry,irritated,red,dry,red,dry,normal,swollen,dry,0,1,1,1
665.jpg,red,irritated,flaky,swollen,discolored,discolored,irritated,irritated,discolored,0,1,1,0
666.jpg,swollen,irritated,flaky,normal,dry,swollen,irritated,red,irritated,0,1,1,1
667.jpg,discolored,dry,red,flaky,swollen,dry,flaky,red,irritated,1,0,0,1
668.jpg,flaky,dry,irritated,red,discolored,irritated,normal,irritated,normal,1,1,1,0
669.jpg,irritated,swollen,flaky,discolored,irritated,dry,normal,flaky,discolored,0,1,1,1
670.jpg,dry,swollen,normal,dry,swollen,normal,irritated,dry,swollen,0,0,0,0
671.jpg,swollen,flaky,red,swollen,swollen,red,discolored,dry,flaky,1,1,1,0
672.jpg,normal,discolored,flaky,dry,dry,dry,dry,flaky,dry,1,1,1,1
673.jpg,normal,dry,red,dry,dry,dry,irritated,flaky,red,0,1,1,1
674.jpg,dry,swollen,discolored,dry,normal,irritated,normal,flaky,discolored,0,1,0,1
675.jpg,discolored,irritated,irritated,discolored,red,red,flaky,irritated,flaky,1,0,0,1
676.jpg,discolored,irritated,normal,dry,dry,normal,normal,discolored,irritated,0,0,1,0
677.jpg,dry,normal,irritated,irritated,flaky,irritated,normal,swollen,irritated,1,0,0,0
678.jpg,normal,dry,swollen,swollen,red,red,flaky,red,red,1,1,1,0
679.jpg,dry,discolored,swollen,discolored,dry,swollen,swollen,flaky,normal,1,0,1,0
680.jpg,discolored,red,normal,flaky,red,irritated,red,swollen,dry,0,0,1,1
681.jpg,discolored,irritated,flaky,irritated,normal,normal,red,dry,swollen,1,0,0,0
682.jpg,normal,normal,swollen,flaky,flaky,flaky,flaky,red,discolored,0,1,1,0
683.jpg,swollen,swollen,swollen,flaky,red,irritated,irritated,flaky,dry,1,1,1,1
684.jpg,irritated,normal,swollen,normal,normal,normal,irritated,dry,normal,0,0,0,1
685.jpg,discolored,red,irritated,dry,normal,swollen,flaky,red,discolored,1,1,0,1
686.jpg,normal,irritated,normal,discolored,dry,irritated,swollen,normal,swollen,0,1,0,1
687.jpg,swollen,discolored,discolored,discolored,red,normal,dry,irritated,red,0,1,0,0
688.jpg,dry,discolored,dry,normal,swollen,irritated,dry,dry,red,1,1,0,0
689.jpg,irritated,dry,flaky,red,dry,dry,flaky,normal,normal,0,0,0,0
690.jpg,normal,dry,normal,red,normal,dry,swollen,normal,swollen,1,1,0,0
691.jpg,irritated,flaky,normal,flaky,flaky,dry,flaky,swollen,red,1,1,0,1
692.jpg,swollen,dry,irritated,red,flaky,irritated,swollen,discolored,flaky,1,1,0,0
693.jpg,discolored,irritated,flaky,normal,flaky,irritated,flaky,red,dry,1,0,1,1
694.jpg,irritated,discolored,dry,flaky,irritated,dry,normal,irritated,dry,0,1,1,1
695.jpg,flaky,dry,red,swollen,normal,discolored,discolored,flaky,red,0,0,0,0
696.jpg,normal,red,irritated,flaky,red,red,irritated,discolored,discolored,1,0,1,0
697.jpg,irritated,flaky,swollen,flaky,red,normal,dry,dry,irritated,1,1,1,1
698.jpg,dry,flaky,swollen,dry,normal,discolored,flaky,swollen,irritated,0,0,0,1
699.jpg,swollen,irritated,discolored,irritated,normal,swollen,swollen,irritated,dry,0,1,1,0
700.jpg,swollen,discolored,dry,irritated,discolored,normal,discolored,discolored,red,0,0,1,0
701.jpg,red,swollen,discolored,normal,red,dry,swollen,irritated,red,0,0,0,0
702.jpg,flaky,red,discolored,normal,irritated,normal,discolored,dry,flaky,0,1,1,0
703.jpg,dry,dry,swollen,irritated,discolored,dry,dry,swollen,swollen,1,0,1,1
704.jpg,discolored,dry,normal,discolored,dry,irritated,irritated,swollen,swollen,0,0,1,1
705.jpg,irritated,dry,dry,red,dry,irritated,irritated,swollen,irritated,1,0,0,1
706.jpg,normal,dry,swollen,normal,flaky,swollen,red,discolored,dry,1,0,1,1
707.jpg,red,flaky,discolored,normal,red,red,swollen,red,flaky,0,1,0,1
708.jpg,flaky,dry,irritated,swollen,flaky,dry,red,normal,dry,1,1,0,1
709.jpg,flaky,irritated,irritated,normal,red,red,swollen,dry,swollen,1,0,1,1
710.jpg,normal,discolored,swollen,discolored,dry,swollen,swollen,discolored,flaky,1,0,1,0
711.jpg,swollen,irritated,dry,swollen,flaky,dry,swollen,red,normal,0,0,0,0
712.jpg,irritated,dry,dry,red,discolored,swollen,normal,dry,normal,1,0,1,0
713.jpg,discolored,red,normal,discolored,flaky,dry,swollen,red,normal,0,0,0,1
714.jpg,red,discolored,swollen,dry,discolored,normal,flaky,flaky,red,1,0,1,0
715.jpg,swollen,flaky,discolored,flaky,red,swollen,flaky,red,swollen,0,1,0,1
716.jpg,discolored,normal,normal,dry,discolored,red,flaky,discolored,flaky,0,1,1,1
717.jpg,irritated,irritated,flaky,normal,flaky,flaky,flaky,normal,irritated,0,1,0,0
718.jpg,swollen,swollen,swollen,dry,swollen,red,normal,red,irritated,1,0,1,1
719.jpg,normal,flaky,normal,flaky,red,normal,dry,normal,discolored,0,1,0,1
720.jpg,normal,flaky,irritated,red,red,flaky,discolored,irritated,flaky,1,0,1,0
721.jpg,irritated,swollen,red,red,flaky,discolored,dry,red,irritated,1,1,1,0
722.jpg,discolored,irritated,irritated,swollen,dry,irritated,irritated,red,discolored,1,0,0,1
723.jpg,red,dry,flaky,dry,swollen,normal,normal,normal,dry,0,1,1,0
724.jpg,flaky,swollen,flaky,red,swollen,swollen,swollen,flaky,flaky,0,0,0,1
725.jpg,red,irritated,red,red,swollen,irritated,dry,flaky,red,0,0,1,1
726.jpg,normal,swollen,dry,swollen,irritated,flaky,flaky,dry,red,1,1,0,0
727.jpg,discolored,irritated,red,red,swollen,discolored,swollen,discolored,irritated,1,1,0,0
728.jpg,flaky,flaky,dry,normal,flaky,irritated,normal,irritated,flaky,1,0,0,0
729.jpg,discolored,irritated,swollen,normal,red,red,normal,swollen,swollen,0,0,0,0
730.jpg,red,flaky,discolored,dry,discolored,swollen,flaky,normal,dry,0,1,1,1
731.jpg,flaky,swollen,flaky,dry,irritated,irritated,flaky,red,dry,0,1,0,1
732.jpg,red,swollen,normal,red,irritated,dry,dry,normal,irritated,0,1,0,1
733.jpg,flaky,discolored,flaky,red,normal,discolored,discolored,irritated,normal,0,0,1,1
734.jpg,discolored,red,flaky,red,swollen,flaky,discolored,irritated,normal,0,0,0,0
735.jpg,irritated,dry,discolored,dry,discolored,normal,discolored,swollen,red,1,1,1,0
736.jpg,normal,dry,discolored,red,flaky,normal,red,normal,irritated,1,1,1,0
737.jpg,flaky,swollen,discolored,swollen,red,red,flaky,discolored,swollen,1,0,0,0
738.jpg,red,irritated,normal,flaky,discolored,flaky,normal,irritated,normal,1,1,1,0
739.jpg,flaky,irritated,irritated,irritated,dry,normal,swollen,discolored,red,0,1,0,1
740.jpg,swollen,flaky,dry,swollen,discolored,flaky,red,irritated,swollen,0,0,1,0
741.jpg,red,flaky,red,red,swollen,irritated,dry,dry,dry,0,0,0,1
742.jpg,discolored,red,discolored,dry,normal,flaky,swollen,dry,swollen,0,0,0,0
743.jpg,irritated,normal,discolored,dry,irritated,red,red,flaky,red,1,1,0,0
744.jpg,swollen,dry,red,flaky,normal,normal,flaky,dry,red,1,0,1,1
745.jpg,irritated,irritated,discolored,flaky,normal,irritated,discolored,red,dry,0,0,1,1
746.jpg,flaky,red,swollen,flaky,irritated,discolored,swollen,normal,red,1,0,1,0
747.jpg,flaky,flaky,irritated,irritated,swollen,irritated,irritated,irritated,irritated,1,0,1,1
748.jpg,red,red,swollen,flaky,swollen,swollen,swollen,discolored,red,0,0,1,1
749.jpg,normal,swollen,normal,discolored,normal,dry,dry,irritated,swollen,1,1,0,0
750.jpg,dry,dry,flaky,normal,discolored,red,normal,flaky,flaky,1,0,0,0
751.jpg,swollen,dry,discolored,irritated,dry,swollen,flaky,red,discolored,0,0,0,0
752.jpg,irritated,dry,flaky,dry,red,red,swollen,swollen,normal,1,1,0,1
753.jpg,dry,discolored,normal,normal,flaky,red,swollen,irritated,flaky,0,0,1,1
754.jpg,red,swollen,swollen,dry,irritated,irritated,swollen,red,dry,0,1,0,0
755.jpg,normal,red,flaky,flaky,discolored,irritated,swollen,irritated,normal,1,0,1,1
756.jpg,dry,discolored,flaky,dry,irritated,normal,red,discolored,discolored,1,0,1,1
757.jpg,irritated,red,red,flaky,normal,flaky,discolored,flaky,red,1,1,0,1
758.jpg,normal,dry,discolored,flaky,red,normal,normal,red,irritated,1,1,0,0
759.jpg,dry,normal,normal,irritated,red,swollen,dry,flaky,discolored,1,0,0,0
760.jpg,normal,discolored,flaky,flaky,red,red,red,discolored,normal,0,1,1,0
761.jpg,flaky,swollen,dry,swollen,normal,discolored,swollen,flaky,irritated,1,0,1,0
762.jpg,red,flaky,flaky,dry,normal,discolored,swollen,red,irritated,0,1,1,1
763.jpg,normal,flaky,swollen,flaky,red,red,irritated,discolored,irritated,1,0,1,1
764.jpg,swollen,flaky,flaky,dry,discolored,normal,red,discolored,irritated,0,1,1,1
765.jpg,red,normal,red,discolored,discolored,swollen,flaky,flaky,red,0,1,1,0
766.jpg,red,irritated,swollen,dry,flaky,discolored,irritated,flaky,discolored,1,1,1,1
767.jpg,flaky,swollen,red,normal,flaky,dry,irritated,normal,normal,1,0,1,0
768.jpg,dry,dry,normal,discolored,flaky,discolored,flaky,normal,discolored,0,1,1,0
769.jpg,swollen,flaky,flaky,red,flaky,flaky,swollen,red,red,1,1,1,0
770.jpg,normal,swollen,normal,flaky,flaky,irritated,normal,normal,discolored,1,0,1,1
771.jpg,flaky,red,red,irritated,dry,dry,flaky,normal,normal,0,1,1,0
772.jpg,irritated,red,dry,swollen,swollen,flaky,swollen,dry,swollen,1,0,1,1
773.jpg,normal,dry,dry,irritated,red,discolored,normal,swollen,flaky,0,1,0,0
774.jpg,red,normal,swollen,dry,discolored,irritated,normal,discolored,swollen,1,0,0,0
775.jpg,flaky,dry,normal,red,dry,dry,flaky,normal,discolored,1,0,0,0
776.jpg,normal,swollen,swollen,red,discolored,flaky,swollen,flaky,irritated,1,1,1,1
777.jpg,dry,discolored,irritated,dry,normal,irritated,swollen,flaky,discolored,1,1,0,0
778.jpg,discolored,discolored,irritated,dry,discolored,dry,normal,normal,swollen,1,0,0,1
779.jpg,normal,red,dry,flaky,normal,dry,red,red,normal,0,0,1,1
780.jpg,dry,swollen,dry,red,swollen,normal,discolored,irritated,discolored,1,1,1,0
781.jpg,swollen,discolored,discolored,discolored,swollen,flaky,normal,discolored,normal,0,0,0,1
782.jpg,normal,swollen,discolored,flaky,irritated,dry,flaky,dry,red,1,1,0,1
783.jpg,flaky,swollen,normal,discolored,red,discolored,discolored,discolored,dry,1,0,0,0
784.jpg,dry,irritated,dry,discolored,flaky,irritated,swollen,normal,irritated,1,1,0,1
785.jpg,dry,swollen,dry,normal,red,dry,dry,irritated,swollen,0,0,1,0
786.jpg,irritated,flaky,flaky,red,irritated,dry,irritated,normal,dry,0,1,0,1
787.jpg,normal,normal,normal,flaky,red,normal,flaky,dry,dry,1,1,1,0
788.jpg,discolored,discolored,normal,dry,swollen,flaky,red,swollen,dry,1,0,0,1
789.jpg,red,discolored,discolored,flaky,discolored,red,swollen,irritated,discolored,0,0,0,0
790.jpg,irritated,irritated,flaky,flaky,dry,normal,discolored,irritated,discolored,0,1,1,1
791.jpg,swollen,normal,normal,irritated,flaky,red,red,swollen,dry,0,1,0,1
792.jpg,red,dry,red,red,red,normal,normal,normal,discolored,1,0,0,0
793.jpg,irritated,swollen,flaky,normal,flaky,normal,red,red,swollen,1,0,1,1
794.jpg,discolored,irritated,dry,discolored,irritated,normal,discolored,discolored,dry,0,0,1,1
795.jpg,flaky,dry,dry,dry,flaky,normal,discolored,red,discolored,0,0,0,1
796.jpg,normal,irritated,flaky,red,dry,dry,irritated,flaky,discolored,0,1,0,1
797.jpg,irritated,irritated,normal,dry,dry,red,swollen,swollen,red,1,1,1,0
798.jpg,swollen,flaky,swollen,red,swollen,dry,dry,red,irritated,0,1,1,0
799.jpg,flaky,discolored,discolored,red,red,flaky,normal,red,swollen,1,1,0,0
800.jpg,red,irritated,swollen,irritated,dry,red,dry,normal,discolored,0,0,0,1
801.jpg,discolored,dry,dry,dry,discolored,swollen,dry,swollen,swollen,0,0,0,1
802.jpg,irritated,discolored,swollen,swollen,normal,irritated,swollen,flaky,normal,1,1,1,0
803.jpg,irritated,red,dry,normal,irritated,red,discolored,dry,normal,0,1,0,0
804.jpg,discolored,red,discolored,discolored,flaky,dry,normal,irritated,swollen,0,0,0,1
805.jpg,red,swollen,normal,red,flaky,red,irritated,red,flaky,1,0,1,0
806.jpg,normal,flaky,dry,swollen,flaky,irritated,irritated,flaky,red,1,1,1,0
807.jpg,flaky,flaky,irritated,red,normal,dry,irritated,swollen,discolored,0,0,1,1
808.jpg,flaky,discolored,discolored,normal,irritated,dry,dry,swollen,irritated,0,0,1,0
809.jpg,dry,discolored,swollen,discolored,swollen,red,flaky,discolored,red,1,0,0,1
810.jpg,dry,flaky,normal,discolored,discolored,swollen,swollen,discolored,discolored,0,0,0,0
811.jpg,normal,red,red,dry,irritated,normal,swollen,red,dry,1,1,0,1
812.jpg,flaky,flaky,red,flaky,red,irritated,swollen,flaky,swollen,0,1,1,0
813.jpg,normal,irritated,flaky,discolored,irritated,irritated,normal,dry,flaky,1,0,0,1
814.jpg,normal,irritated,discolored,discolored,normal,flaky,normal,red,red,0,0,0,0
815.jpg,normal,swollen,swollen,discolored,normal,dry,flaky,normal,swollen,0,1,1,0
816.jpg,discolored,red,normal,swollen,dry,irritated,normal,discolored,discolored,0,0,0,1
817.jpg,normal,normal,irritated,swollen,dry,swollen,flaky,dry,swollen,0,1,0,0
818.jpg,flaky,dry,swollen,flaky,discolored,discolored,dry,swollen,dry,1,0,1,1
819.jpg,swollen,swollen,normal,irritated,swollen,normal,dry,irritated,red,0,0,1,0
820.jpg,swollen,irritated,normal,discolored,discolored,swollen,flaky,flaky,dry,1,1,1,0
821.jpg,swollen,red,dry,flaky,flaky,discolored,swollen,dry,red,0,0,1,1
822.jpg,irritated,discolored,discolored,red,normal,dry,normal,normal,discolored,1,1,0,1
823.jpg,swollen,red,red,irritated,discolored,dry,swollen,swollen,red,1,1,1,1
824.jpg,irritated,discolored,red,normal,red,normal,irritated,dry,discolored,0,1,1,1
825.jpg,normal,flaky,red,irritated,flaky,dry,normal,swollen,normal,0,1,1,1
826.jpg,flaky,flaky,irritated,flaky,flaky,red,normal,irritated,flaky,0,1,1,1
827.jpg,red,red,swollen,normal,flaky,red,flaky,flaky,red,0,1,0,1
828.jpg,red,normal,flaky,red,discolored,normal,red,swollen,swollen,1,0,0,1
829.jpg,irritated,red,red,flaky,swollen,swollen,dry,normal,swollen,0,1,0,1
830.jpg,dry,discolored,dry,normal,normal,discolored,irritated,dry,irritated,1,0,0,0
831.jpg,discolored,red,irritated,irritated,red,normal,normal,dry,normal,1,1,0,1
832.jpg,dry,discolored,discolored,swollen,dry,normal,discolored,irritated,swollen,1,0,1,1
833.jpg,red,discolored,red,irritated,swollen,red,red,red,red,1,0,0,1
834.jpg,flaky,flaky,swollen,red,swollen,dry,discolored,discolored,red,0,1,1,1
835.jpg,flaky,discolored,normal,discolored,irritated,normal,dry,irritated,swollen,0,1,1,1
836.jpg,flaky,irritated,red,discolored,dry,discolored,flaky,red,normal,1,1,1,1
837.jpg,swollen,discolored,normal,flaky,normal,discolored,dry,dry,red,0,1,1,1
838.jpg,swollen,normal,flaky,dry,red,discolored,normal,normal,dry,1,1,0,0
839.jpg,normal,flaky,swollen,red,irritated,flaky,discolored,normal,swollen,0,0,0,0
840.jpg,dry,red,discolored,swollen,normal,normal,red,dry,normal,0,0,1,0
841.jpg,swollen,dry,normal,normal,swollen,irritated,normal,swollen,flaky,0,0,0,1
842.jpg,normal,dry,discolored,discolored,discolored,irritated,discolored,irritated,normal,0,1,0,1
843.jpg,normal,irritated,flaky,irritated,red,dry,normal,dry,red,0,1,0,1
844.jpg,irritated,discolored,discolored,irritated,dry,discolored,swollen,flaky,flaky,0,0,1,1
845.jpg,discolored,swollen,discolored,swollen,swollen,dry,irritated,red,flaky,1,0,0,1
846.jpg,irritated,dry,irritated,flaky,dry,irritated,flaky,discolored,red,1,1,0,0
847.jpg,irritated,flaky,dry,dry,irritated,swollen,swollen,flaky,flaky,0,0,0,1
848.jpg,irritated,irritated,dry,irritated,irritated,flaky,discolored,dry,red,1,0,0,0
849.jpg,swollen,dry,dry,normal,normal,red,normal,dry,irritated,0,1,1,1
850.jpg,normal,discolored,dry,discolored,irritated,dry,irritated,swollen,discolored,0,0,0,1
851.jpg,swollen,irritated,red,normal,irritated,discolored,red,swollen,irritated,1,0,0,0
852.jpg,swollen,dry,discolored,red,flaky,red,dry,red,discolored,0,1,1,1
853.jpg,discolored,discolored,irritated,dry,flaky,swollen,red,flaky,dry,0,0,0,0
854.jpg,discolored,swollen,irritated,dry,swollen,flaky,dry,swollen,discolored,0,1,1,0
855.jpg,discolored,flaky,red,flaky,swollen,dry,dry,flaky,red,0,0,0,0
856.jpg,flaky,discolored,swollen,dry,normal,irritated,flaky,flaky,flaky,0,0,1,0
857.jpg,flaky,discolored,flaky,dry,swollen,normal,dry,irritated,flaky,0,0,1,1
858.jpg,dry,normal,irritated,flaky,dry,discolored,red,normal,red,1,1,1,0
859.jpg,normal,flaky,red,normal,swollen,swollen,irritated,swollen,dry,1,1,1,1
860.jpg,discolored,flaky,flaky,red,irritated,normal,swollen,discolored,red,0,0,1,0
861.jpg,normal,red,swollen,flaky,discolored,dry,red,red,normal,1,0,0,0
862.jpg,irritated,discolored,normal,discolored,normal,irritated,irritated,irritated,dry,0,0,1,0
863.jpg,flaky,discolored,normal,swollen,normal,dry,normal,flaky,flaky,1,0,1,1
864.jpg,dry,irritated,discolored,discolored,normal,irritated,dry,flaky,irritated,0,1,1,1
865.jpg,flaky,irritated,discolored,discolored,irritated,discolored,flaky,red,flaky,1,1,1,1
866.jpg,red,normal,irritated,normal,flaky,flaky,discolored,swollen,red,0,1,0,1
867.jpg,normal,swollen,discolored,flaky,irritated,red,normal,flaky,dry,0,1,1,1
868.jpg,discolored,flaky,red,dry,irritated,swollen,dry,dry,swollen,1,1,1,1
869.jpg,swollen,red,dry,discolored,discolored,normal,dry,flaky,normal,0,1,1,0
870.jpg,irritated,red,flaky,normal,swollen,dry,irritated,flaky,irritated,1,1,0,0
871.jpg,normal,dry,dry,discolored,dry,dry,discolored,discolored,dry,1,0,1,1
872.jpg,red,red,flaky,dry,red,flaky,normal,dry,discolored,1,1,1,0
873.jpg,flaky,normal,flaky,dry,swollen,discolored,flaky,flaky,red,1,0,1,0
874.jpg,irritated,discolored,swollen,dry,flaky,discolored,red,discolored,dry,0,0,0,0
875.jpg,irritated,normal,red,irritated,normal,flaky,irritated,swollen,discolored,0,1,0,1
876.jpg,dry,swollen,irritated,swollen,flaky,normal,discolored,normal,swollen,1,1,1,0
877.jpg,flaky,normal,swollen,dry,irritated,flaky,flaky,normal,flaky,0,1,0,1
878.jpg,red,red,dry,normal,dry,discolored,discolored,discolored,normal,0,1,1,1
879.jpg,swollen,irritated,normal,swollen,dry,red,irritated,flaky,discolored,1,1,0,0
880.jpg,flaky,discolored,flaky,irritated,dry,flaky,irritated,red,irritated,0,1,1,1
881.jpg,swollen,swollen,irritated,red,flaky,swollen,discolored,normal,dry,1,1,0,1
882.jpg,swollen,dry,dry,dry,dry,dry,normal,red,normal,0,1,0,0
883.jpg,discolored,irritated,red,normal,irritated,discolored,swollen,normal,irritated,1,1,1,0
884.jpg,dry,flaky,discolored,discolored,discolored,swollen,red,normal,flaky,1,0,1,0
885.jpg,irritated,irritated,swollen,flaky,irritated,swollen,discolored,red,irritated,0,1,1,0
886.jpg,dry,flaky,dry,discolored,red,swollen,irritated,flaky,discolored,1,0,1,0
887.jpg,normal,swollen,dry,red,red,flaky,flaky,dry,swollen,1,0,0,1
888.jpg,irritated,red,discolored,dry,red,red,dry,flaky,dry,0,0,1,0
889.jpg,dry,flaky,discolored,irritated,dry,normal,red,irritated,red,0,0,1,1
890.jpg,swollen,irritated,discolored,discolored,flaky,red,swollen,red,normal,1,0,1,0
891.jpg,normal,irritated,red,irritated,irritated,swollen,flaky,irritated,dry,1,1,0,0
892.jpg,red,dry,red,normal,swollen,irritated,red,flaky,normal,1,1,1,1
893.jpg,irritated,irritated,flaky,discolored,flaky,red,normal,dry,swollen,0,1,0,0
894.jpg,swollen,normal,swollen,swollen,discolored,discolored,red,discolored,red,1,0,1,0
895.jpg,red,swollen,red,swollen,red,irritated,red,normal,normal,0,0,0,1
896.jpg,swollen,swollen,discolored,red,irritated,dry,swollen,irritated,normal,0,0,0,0
897.jpg,irritated,irritated,flaky,irritated,irritated,flaky,red,irritated,normal,1,1,1,0
898.jpg,red,discolored,irritated,red,discolored,dry,red,swollen,discolored,0,0,1,1
899.jpg,flaky,irritated,flaky,normal,normal,dry,red,swollen,normal,1,0,1,0
900.jpg,discolored,dry,red,irritated,swollen,dry,red,flaky,red,1,1,0,0
901.jpg,red,flaky,swollen,flaky,discolored,dry,normal,discolored,dry,1,1,1,0
902.jpg,swollen,irritated,swollen,irritated,red,dry,discolored,flaky,red,0,0,0,1
903.jpg,red,red,discolored,discolored,discolored,irritated,dry,normal,red,0,1,1,1
904.jpg,red,irritated,dry,discolored,flaky,red,irritated,swollen,red,1,0,1,1
905.jpg,red,irritated,dry,flaky,irritated,flaky,dry,red,swollen,0,0,0,0
906.jpg,swollen,normal,flaky,red,swollen,flaky,swollen,irritated,swollen,0,1,1,0
907.jpg,normal,red,normal,swollen,normal,normal,dry,normal,discolored,0,1,0,0
908.jpg,irritated,swollen,dry,irritated,dry,red,red,red,normal,1,1,0,0
909.jpg,swollen,discolored,dry,discolored,discolored,irritated,dry,discolored,discolored,1,0,1,1
910.jpg,red,dry,swollen,flaky,discolored,swollen,normal,irritated,normal,1,1,1,0
911.jpg,swollen,normal,discolored,irritated,swollen,red,normal,irritated,swollen,0,1,0,1
912.jpg,discolored,swollen,irritated,normal,normal,discolored,flaky,red,normal,0,0,0,0
913.jpg,dry,discolored,flaky,discolored,discolored,irritated,red,flaky,red,1,1,0,1
914.jpg,swollen,dry,swollen,dry,dry,discolored,flaky,irritated,discolored,1,0,1,0
915.jpg,discolored,swollen,dry,flaky,dry,red,discolored,dry,flaky,0,0,0,0
916.jpg,swollen,irritated,swollen,flaky,irritated,irritated,discolored,dry,swollen,0,1,0,1
917.jpg,dry,swollen,red,normal,irritated,irritated,flaky,normal,discolored,0,0,1,0
918.jpg,irritated,discolored,normal,flaky,irritated,flaky,normal,swollen,flaky,1,0,0,0
919.jpg,red,red,irritated,dry,red,discolored,dry,normal,irritated,1,0,1,1
920.jpg,red,irritated,discolored,dry,red,dry,red,irritated,dry,0,0,0,0
921.jpg,flaky,red,swollen,normal,normal,flaky,discolored,dry,flaky,1,1,0,0
922.jpg,flaky,normal,irritated,irritated,swollen,normal,irritated,swollen,normal,1,1,1,1
923.jpg,red,red,dry,flaky,irritated,dry,flaky,red,flaky,0,1,0,0
924.jpg,dry,red,normal,swollen,irritated,dry,swollen,discolored,discolored,0,1,1,1
925.jpg,flaky,red,red,swollen,red,irritated,dry,normal,swollen,1,1,1,0
926.jpg,red,swollen,discolored,dry,dry,dry,dry,dry,irritated,1,1,1,1
927.jpg,irritated,red,flaky,normal,irritated,discolored,flaky,red,swollen,1,1,1,0
928.jpg,irritated,normal,normal,red,normal,dry,discolored,normal,normal,1,0,0,0
929.jpg,irritated,dry,red,irritated,dry,normal,irritated,irritated,irritated,1,1,0,1
930.jpg,irritated,flaky,dry,normal,red,red,irritated,red,discolored,1,0,1,1
931.jpg,discolored,normal,dry,dry,flaky,irritated,swollen,normal,irritated,0,0,1,1
932.jpg,normal,discolored,red,discolored,discolored,dry,normal,irritated,swollen,1,1,1,0
933.jpg,irritated,swollen,dry,swollen,irritated,dry,discolored,irritated,dry,1,0,0,0
934.jpg,swollen,swollen,irritated,dry,irritated,flaky,flaky,discolored,red,0,1,1,0
935.jpg,red,discolored,discolored,dry,irritated,flaky,flaky,red,flaky,1,0,1,0
936.jpg,flaky,normal,irritated,swollen,irritated,irritated,normal,discolored,discolored,1,0,0,0
937.jpg,dry,dry,swollen,discolored,red,red,red,red,discolored,1,0,0,1
938.jpg,swollen,swollen,red,irritated,flaky,normal,irritated,dry,normal,0,0,0,1
939.jpg,normal,swollen,irritated,irritated,flaky,irritated,red,irritated,dry,0,0,0,1
940.jpg,dry,swollen,red,normal,red,red,swollen,normal,irritated,1,1,1,0
941.jpg,swollen,swollen,discolored,irritated,normal,red,discolored,dry,flaky,0,1,1,0
942.jpg,swollen,swollen,irritated,red,dry,swollen,flaky,dry,irritated,1,1,1,0
943.jpg,red,red,dry,swollen,dry,normal,discolored,normal,flaky,0,1,0,1
944.jpg,swollen,swollen,flaky,irritated,swollen,discolored,discolored,discolored,normal,0,1,1,0
945.jpg,discolored,swollen,red,swollen,dry,irritated,normal,discolored,red,1,1,1,0
946.jpg,swollen,irritated,red,normal,discolored,flaky,irritated,red,normal,1,0,1,1
947.jpg,normal,normal,normal,flaky,dry,irritated,normal,normal,dry,0,0,1,0
948.jpg,red,irritated,swollen,discolored,swollen,dry,normal,swollen,normal,0,1,0,1
949.jpg,discolored,irritated,red,red,dry,normal,dry,dry,discolored,0,1,0,1
950.jpg,swollen,flaky,swollen,normal,dry,flaky,normal,swollen,irritated,0,1,0,0
951.jpg,normal,red,flaky,red,irritated,normal,dry,red,flaky,1,0,1,0
952.jpg,normal,irritated,normal,red,dry,flaky,irritated,flaky,swollen,1,1,1,1
953.jpg,dry,dry,normal,dry,swollen,irritated,irritated,irritated,flaky,1,1,0,0
954.jpg,normal,normal,dry,red,flaky,swollen,irritated,irritated,discolored,0,1,0,1
955.jpg,flaky,swollen,red,swollen,dry,irritated,discolored,swollen,irritated,0,1,0,1
956.jpg,red,normal,irritated,discolored,flaky,irritated,red,swollen,normal,1,0,0,0
957.jpg,dry,normal,swollen,irritated,swollen,irritated,flaky,flaky,red,1,1,0,0
958.jpg,normal,swollen,discolored,flaky,dry,normal,discolored,swollen,dry,0,0,0,1
959.jpg,swollen,discolored,dry,red,swollen,swollen,discolored,dry,dry,1,0,0,0
960.jpg,irritated,flaky,normal,discolored,red,irritated,discolored,flaky,dry,0,1,1,1
961.jpg,swollen,normal,dry,dry,irritated,swollen,normal,irritated,dry,1,1,1,0
962.jpg,dry,normal,swollen,swollen,normal,flaky,irritated,red,normal,1,1,0,1
963.jpg,flaky,red,swollen,swollen,flaky,normal,swollen,red,discolored,0,1,0,1
964.jpg,irritated,irritated,discolored,irritated,flaky,red,discolored,flaky,normal,1,1,1,1
965.jpg,red,red,normal,normal,irritated,normal,dry,normal,flaky,1,1,1,0
966.jpg,swollen,dry,flaky,red,normal,red,discolored,flaky,flaky,1,0,0,1
967.jpg,red,flaky,red,normal,flaky,normal,red,dry,discolored,0,1,1,1
968.jpg,red,normal,normal,discolored,flaky,flaky,flaky,normal,dry,1,1,1,0
969.jpg,irritated,flaky,flaky,irritated,flaky,discolored,normal,discolored,discolored,0,1,1,1
970.jpg,dry,dry,normal,dry,discolored,normal,flaky,red,irritated,0,0,0,0
971.jpg,red,swollen,discolored,red,flaky,red,swollen,swollen,normal,1,1,0,1
972.jpg,dry,normal,dry,red,normal,irritated,irritated,irritated,flaky,1,1,0,1
973.jpg,normal,swollen,discolored,dry,dry,dry,dry,dry,flaky,1,1,1,1
974.jpg,normal,swollen,flaky,dry,irritated,swollen,irritated,red,red,1,0,1,1
975.jpg,dry,normal,normal,normal,red,normal,flaky,swollen,flaky,0,1,1,0
976.jpg,red,swollen,flaky,irritated,dry,red,normal,flaky,normal,0,1,0,1
977.jpg,discolored,red,flaky,dry,swollen,dry,red,discolored,dry,1,0,0,1
978.jpg,swollen,dry,irritated,red,dry,dry,flaky,flaky,dry,1,0,0,1
979.jpg,dry,irritated,dry,flaky,normal,discolored,red,discolored,red,1,0,0,1
980.jpg,flaky,dry,discolored,irritated,swollen,dry,normal,irritated,swollen,1,1,0,0
981.jpg,swollen,irritated,red,discolored,red,flaky,red,swollen,swollen,1,0,1,0
982.jpg,discolored,irritated,swollen,discolored,red,normal,red,flaky,swollen,0,1,0,1
983.jpg,flaky,dry,normal,irritated,discolored,red,discolored,discolored,discolored,0,0,1,1
984.jpg,normal,swollen,flaky,dry,dry,red,swollen,red,flaky,0,1,1,1
985.jpg,red,red,flaky,irritated,dry,normal,flaky,dry,red,1,1,1,1
986.jpg,swollen,swollen,normal,red,red,dry,discolored,dry,dry,0,0,1,1
987.jpg,normal,discolored,dry,swollen,irritated,flaky,discolored,red,discolored,0,0,1,1
988.jpg,red,swollen,discolored,red,swollen,discolored,irritated,dry,irritated,1,0,1,1
989.jpg,red,irritated,irritated,normal,discolored,discolored,discolored,dry,irritated,0,1,0,1
990.jpg,swollen,flaky,normal,flaky,dry,normal,irritated,normal,dry,0,1,1,0
991.jpg,irritated,dry,dry,dry,normal,dry,flaky,normal,swollen,1,1,0,1
992.jpg,normal,swollen,red,flaky,irritated,irritated,discolored,dry,normal,1,1,0,1
993.jpg,red,red,discolored,normal,red,red,swollen,flaky,dry,1,0,0,0
994.jpg,dry,flaky,red,irritated,red,dry,red,discolored,flaky,1,1,0,0
995.jpg,normal,discolored,normal,normal,dry,flaky,irritated,irritated,flaky,1,1,1,0
996.jpg,normal,irritated,normal,irritated,discolored,dry,dry,irritated,dry,0,1,0,0
997.jpg,red,normal,swollen,dry,normal,discolored,irritated,flaky,discolored,1,0,1,1
998.jpg,irritated,dry,swollen,swollen,discolored,red,irritated,discolored,discolored,1,0,0,1
999.jpg,discolored,dry,normal,dry,irritated,irritated,normal,irritated,irritated,1,0,0,1
1000.jpg,discolored,normal,discolored,normal,normal,normal,swollen,red,red,1,0,0,0
